ffmpeg version 7.1-essentials_build-www.gyan.dev Copyright (c) 2000-2024 the FFmpeg developers
  built with gcc 14.2.0 (Rev1, Built by MSYS2 project)
  configuration: --enable-gpl --enable-version3 --enable-static --disable-w32threads --disable-autodetect --enable-fontconfig --enable-iconv --enable-gnutls --enable-libxml2 --enable-gmp --enable-bzlib --enable-lzma --enable-zlib --enable-libsrt --enable-libssh --enable-libzmq --enable-avisynth --enable-sdl2 --enable-libwebp --enable-libx264 --enable-libx265 --enable-libxvid --enable-libaom --enable-libopenjpeg --enable-libvpx --enable-mediafoundation --enable-libass --enable-libfreetype --enable-libfribidi --enable-libharfbuzz --enable-libvidstab --enable-libvmaf --enable-libzimg --enable-amf --enable-cuda-llvm --enable-cuvid --enable-dxva2 --enable-d3d11va --enable-d3d12va --enable-ffnvcodec --enable-libvpl --enable-nvdec --enable-nvenc --enable-vaapi --enable-libgme --enable-libopenmpt --enable-libopencore-amrwb --enable-libmp3lame --enable-libtheora --enable-libvo-amrwbenc --enable-libgsm --enable-libopencore-amrnb --enable-libopus --enable-libspeex --enable-libvorbis --enable-librubberband
  libavutil      59. 39.100 / 59. 39.100
  libavcodec     61. 19.100 / 61. 19.100
  libavformat    61.  7.100 / 61.  7.100
  libavdevice    61.  3.100 / 61.  3.100
  libavfilter    10.  4.100 / 10.  4.100
  libswscale      8.  3.100 /  8.  3.100
  libswresample   5.  3.100 /  5.  3.100
  libpostproc    58.  3.100 / 58.  3.100
Input #0, png_pipe, from 'C:\Codex\260829_youtube-anshin\episodes\010_myna_app_registration\assets\scenes\scene_001.png':
  Duration: N/A, bitrate: N/A
  Stream #0:0: Video: png, rgb24(pc, gbr/unknown/unknown), 1920x1080, 25 fps, 25 tbr, 25 tbn
Stream mapping:
  Stream #0:0 -> #0:0 (png (native) -> h264 (libx264))
Press [q] to stop, [?] for help
[libx264 @ 000001f6a9db0a40] using cpu capabilities: MMX2 SSE2Fast SSSE3 SSE4.2 AVX FMA3 BMI2 AVX2
[libx264 @ 000001f6a9db0a40] profile High, level 4.0, 4:2:0, 8-bit
[libx264 @ 000001f6a9db0a40] 264 - core 164 r3192 c24e06c - H.264/MPEG-4 AVC codec - Copyleft 2003-2024 - http://www.videolan.org/x264.html - options: cabac=1 ref=3 deblock=1:0:0 analyse=0x3:0x113 me=hex subme=7 psy=1 psy_rd=1.00:0.00 mixed_ref=1 me_range=16 chroma_me=1 trellis=1 8x8dct=1 cqm=0 deadzone=21,11 fast_pskip=1 chroma_qp_offset=-2 threads=9 lookahead_threads=1 sliced_threads=0 nr=0 decimate=1 interlaced=0 bluray_compat=0 constrained_intra=0 bframes=3 b_pyramid=2 b_adapt=1 b_bias=0 direct=1 weightb=1 open_gop=0 weightp=2 keyint=250 keyint_min=25 scenecut=40 intra_refresh=0 rc_lookahead=40 rc=crf mbtree=1 crf=18.0 qcomp=0.60 qpmin=0 qpmax=69 qpstep=4 ip_ratio=1.40 aq=1:1.00
Output #0, mp4, to 'C:\Codex\260829_youtube-anshin\episodes\010_myna_app_registration\work\draft_v2_build\video_clips\scene_001.mp4':
  Metadata:
    encoder         : Lavf61.7.100
  Stream #0:0: Video: h264 (avc1 / 0x31637661), yuv420p(tv, progressive), 1920x1080, q=2-31, 30 fps, 15360 tbn
      Metadata:
        encoder         : Lavc61.19.100 libx264
      Side data:
        cpb: bitrate max/min/avg: 0/0/0 buffer size: 0 vbv_delay: N/A
frame=    0 fps=0.0 q=0.0 size=       0KiB time=N/A bitrate=N/A speed=N/A    
frame=   21 fps= 20 q=24.0 size=     256KiB time=00:00:00.63 bitrate=3311.9kbits/s speed=0.589x    
frame=   50 fps= 31 q=24.0 size=     256KiB time=00:00:01.60 bitrate=1311.0kbits/s speed=1.01x    
frame=   87 fps= 41 q=24.0 size=     256KiB time=00:00:02.83 bitrate= 740.3kbits/s speed=1.35x    
frame=  113 fps= 43 q=24.0 size=     256KiB time=00:00:03.70 bitrate= 566.9kbits/s speed=1.41x    
frame=  142 fps= 45 q=24.0 size=     256KiB time=00:00:04.66 bitrate= 449.5kbits/s speed=1.48x    
frame=  179 fps= 48 q=24.0 size=     256KiB time=00:00:05.90 bitrate= 355.5kbits/s speed=1.59x    
frame=  211 fps= 50 q=24.0 size=     256KiB time=00:00:06.96 bitrate= 301.1kbits/s speed=1.64x    
frame=  243 fps= 51 q=21.0 size=     256KiB time=00:00:08.03 bitrate= 261.1kbits/s speed=1.69x    
frame=  277 fps= 52 q=24.0 size=     768KiB time=00:00:09.16 bitrate= 686.4kbits/s speed=1.73x    
frame=  328 fps= 56 q=24.0 size=     768KiB time=00:00:10.86 bitrate= 579.0kbits/s speed=1.87x    
[out#0/mp4 @ 000001f6a9db2c40] video:863KiB audio:0KiB subtitle:0KiB other streams:0KiB global headers:0KiB muxing overhead: 0.565342%
frame=  345 fps= 58 q=-1.0 Lsize=     868KiB time=00:00:11.43 bitrate= 621.8kbits/s speed=1.93x    
[libx264 @ 000001f6a9db0a40] frame I:2     Avg QP: 7.94  size:383158
[libx264 @ 000001f6a9db0a40] frame P:87    Avg QP: 9.30  size:  1098
[libx264 @ 000001f6a9db0a40] frame B:256   Avg QP:15.34  size:    83
[libx264 @ 000001f6a9db0a40] consecutive B-frames:  0.9%  0.6%  0.0% 98.6%
[libx264 @ 000001f6a9db0a40] mb I  I16..4: 10.7% 67.0% 22.3%
[libx264 @ 000001f6a9db0a40] mb P  I16..4:  0.0%  0.0%  0.0%  P16..4:  4.7%  0.0%  0.1%  0.0%  0.0%    skip:95.2%
[libx264 @ 000001f6a9db0a40] mb B  I16..4:  0.0%  0.0%  0.0%  B16..8:  0.2%  0.0%  0.0%  direct: 0.0%  skip:99.8%  L0: 4.8% L1:95.2% BI: 0.0%
[libx264 @ 000001f6a9db0a40] 8x8 transform intra:67.1% inter:96.6%
[libx264 @ 000001f6a9db0a40] coded y,uvDC,uvAC intra: 95.7% 92.3% 90.9% inter: 0.4% 0.1% 0.0%
[libx264 @ 000001f6a9db0a40] i16 v,h,dc,p: 10% 11% 62% 17%
[libx264 @ 000001f6a9db0a40] i8 v,h,dc,ddl,ddr,vr,hd,vl,hu: 16% 13% 46%  4%  4%  4%  4%  5%  5%
[libx264 @ 000001f6a9db0a40] i4 v,h,dc,ddl,ddr,vr,hd,vl,hu: 22% 21% 16%  8%  8%  7%  6%  6%  7%
[libx264 @ 000001f6a9db0a40] i8c dc,h,v,p: 59% 18% 16%  7%
[libx264 @ 000001f6a9db0a40] Weighted P-Frames: Y:0.0% UV:0.0%
[libx264 @ 000001f6a9db0a40] ref P L0: 99.7%  0.0%  0.2%  0.1%
[libx264 @ 000001f6a9db0a40] ref B L0: 53.6% 46.4%
[libx264 @ 000001f6a9db0a40] kb/s:614.28
ffmpeg version 7.1-essentials_build-www.gyan.dev Copyright (c) 2000-2024 the FFmpeg developers
  built with gcc 14.2.0 (Rev1, Built by MSYS2 project)
  configuration: --enable-gpl --enable-version3 --enable-static --disable-w32threads --disable-autodetect --enable-fontconfig --enable-iconv --enable-gnutls --enable-libxml2 --enable-gmp --enable-bzlib --enable-lzma --enable-zlib --enable-libsrt --enable-libssh --enable-libzmq --enable-avisynth --enable-sdl2 --enable-libwebp --enable-libx264 --enable-libx265 --enable-libxvid --enable-libaom --enable-libopenjpeg --enable-libvpx --enable-mediafoundation --enable-libass --enable-libfreetype --enable-libfribidi --enable-libharfbuzz --enable-libvidstab --enable-libvmaf --enable-libzimg --enable-amf --enable-cuda-llvm --enable-cuvid --enable-dxva2 --enable-d3d11va --enable-d3d12va --enable-ffnvcodec --enable-libvpl --enable-nvdec --enable-nvenc --enable-vaapi --enable-libgme --enable-libopenmpt --enable-libopencore-amrwb --enable-libmp3lame --enable-libtheora --enable-libvo-amrwbenc --enable-libgsm --enable-libopencore-amrnb --enable-libopus --enable-libspeex --enable-libvorbis --enable-librubberband
  libavutil      59. 39.100 / 59. 39.100
  libavcodec     61. 19.100 / 61. 19.100
  libavformat    61.  7.100 / 61.  7.100
  libavdevice    61.  3.100 / 61.  3.100
  libavfilter    10.  4.100 / 10.  4.100
  libswscale      8.  3.100 /  8.  3.100
  libswresample   5.  3.100 /  5.  3.100
  libpostproc    58.  3.100 / 58.  3.100
Input #0, png_pipe, from 'C:\Codex\260829_youtube-anshin\episodes\010_myna_app_registration\assets\scenes\scene_002.png':
  Duration: N/A, bitrate: N/A
  Stream #0:0: Video: png, rgb24(pc, gbr/unknown/unknown), 1920x1080, 25 fps, 25 tbr, 25 tbn
Stream mapping:
  Stream #0:0 -> #0:0 (png (native) -> h264 (libx264))
Press [q] to stop, [?] for help
[libx264 @ 000001e5c114b400] using cpu capabilities: MMX2 SSE2Fast SSSE3 SSE4.2 AVX FMA3 BMI2 AVX2
[libx264 @ 000001e5c114b400] profile High, level 4.0, 4:2:0, 8-bit
[libx264 @ 000001e5c114b400] 264 - core 164 r3192 c24e06c - H.264/MPEG-4 AVC codec - Copyleft 2003-2024 - http://www.videolan.org/x264.html - options: cabac=1 ref=3 deblock=1:0:0 analyse=0x3:0x113 me=hex subme=7 psy=1 psy_rd=1.00:0.00 mixed_ref=1 me_range=16 chroma_me=1 trellis=1 8x8dct=1 cqm=0 deadzone=21,11 fast_pskip=1 chroma_qp_offset=-2 threads=9 lookahead_threads=1 sliced_threads=0 nr=0 decimate=1 interlaced=0 bluray_compat=0 constrained_intra=0 bframes=3 b_pyramid=2 b_adapt=1 b_bias=0 direct=1 weightb=1 open_gop=0 weightp=2 keyint=250 keyint_min=25 scenecut=40 intra_refresh=0 rc_lookahead=40 rc=crf mbtree=1 crf=18.0 qcomp=0.60 qpmin=0 qpmax=69 qpstep=4 ip_ratio=1.40 aq=1:1.00
Output #0, mp4, to 'C:\Codex\260829_youtube-anshin\episodes\010_myna_app_registration\work\draft_v2_build\video_clips\scene_002.mp4':
  Metadata:
    encoder         : Lavf61.7.100
  Stream #0:0: Video: h264 (avc1 / 0x31637661), yuv420p(tv, progressive), 1920x1080, q=2-31, 30 fps, 15360 tbn
      Metadata:
        encoder         : Lavc61.19.100 libx264
      Side data:
        cpb: bitrate max/min/avg: 0/0/0 buffer size: 0 vbv_delay: N/A
frame=    0 fps=0.0 q=0.0 size=       0KiB time=N/A bitrate=N/A speed=N/A    
frame=   18 fps= 17 q=24.0 size=       0KiB time=00:00:00.53 bitrate=   0.7kbits/s speed=0.494x    
frame=   65 fps= 41 q=24.0 size=       0KiB time=00:00:02.10 bitrate=   0.2kbits/s speed=1.31x    
frame=  134 fps= 64 q=24.0 size=       0KiB time=00:00:04.40 bitrate=   0.1kbits/s speed=2.09x    
[out#0/mp4 @ 000001e5c0426b00] video:171KiB audio:0KiB subtitle:0KiB other streams:0KiB global headers:0KiB muxing overhead: 1.469533%
frame=  144 fps= 67 q=-1.0 Lsize=     174KiB time=00:00:04.73 bitrate= 301.1kbits/s speed= 2.2x    
[libx264 @ 000001e5c114b400] frame I:1     Avg QP: 9.29  size:136795
[libx264 @ 000001e5c114b400] frame P:36    Avg QP: 9.04  size:   763
[libx264 @ 000001e5c114b400] frame B:107   Avg QP:14.38  size:    99
[libx264 @ 000001e5c114b400] consecutive B-frames:  0.7%  0.0%  2.1% 97.2%
[libx264 @ 000001e5c114b400] mb I  I16..4: 33.9% 51.6% 14.5%
[libx264 @ 000001e5c114b400] mb P  I16..4:  0.0%  0.0%  0.0%  P16..4:  2.4%  0.1%  0.1%  0.0%  0.0%    skip:97.4%
[libx264 @ 000001e5c114b400] mb B  I16..4:  0.0%  0.0%  0.0%  B16..8:  0.4%  0.0%  0.0%  direct: 0.0%  skip:99.6%  L0:36.5% L1:63.5% BI: 0.0%
[libx264 @ 000001e5c114b400] 8x8 transform intra:51.1% inter:89.0%
[libx264 @ 000001e5c114b400] coded y,uvDC,uvAC intra: 46.9% 52.6% 49.7% inter: 0.2% 0.1% 0.0%
[libx264 @ 000001e5c114b400] i16 v,h,dc,p: 72% 24%  3%  1%
[libx264 @ 000001e5c114b400] i8 v,h,dc,ddl,ddr,vr,hd,vl,hu: 39% 13% 38%  3%  1%  1%  2%  1%  3%
[libx264 @ 000001e5c114b400] i4 v,h,dc,ddl,ddr,vr,hd,vl,hu: 37% 31% 12%  4%  4%  3%  3%  3%  3%
[libx264 @ 000001e5c114b400] i8c dc,h,v,p: 70% 20%  7%  3%
[libx264 @ 000001e5c114b400] Weighted P-Frames: Y:0.0% UV:0.0%
[libx264 @ 000001e5c114b400] ref P L0: 98.7%  0.0%  1.0%  0.3%
[libx264 @ 000001e5c114b400] ref B L0:  7.3% 92.7%
[libx264 @ 000001e5c114b400] ref B L1: 95.9%  4.1%
[libx264 @ 000001e5c114b400] kb/s:291.46
ffmpeg version 7.1-essentials_build-www.gyan.dev Copyright (c) 2000-2024 the FFmpeg developers
  built with gcc 14.2.0 (Rev1, Built by MSYS2 project)
  configuration: --enable-gpl --enable-version3 --enable-static --disable-w32threads --disable-autodetect --enable-fontconfig --enable-iconv --enable-gnutls --enable-libxml2 --enable-gmp --enable-bzlib --enable-lzma --enable-zlib --enable-libsrt --enable-libssh --enable-libzmq --enable-avisynth --enable-sdl2 --enable-libwebp --enable-libx264 --enable-libx265 --enable-libxvid --enable-libaom --enable-libopenjpeg --enable-libvpx --enable-mediafoundation --enable-libass --enable-libfreetype --enable-libfribidi --enable-libharfbuzz --enable-libvidstab --enable-libvmaf --enable-libzimg --enable-amf --enable-cuda-llvm --enable-cuvid --enable-dxva2 --enable-d3d11va --enable-d3d12va --enable-ffnvcodec --enable-libvpl --enable-nvdec --enable-nvenc --enable-vaapi --enable-libgme --enable-libopenmpt --enable-libopencore-amrwb --enable-libmp3lame --enable-libtheora --enable-libvo-amrwbenc --enable-libgsm --enable-libopencore-amrnb --enable-libopus --enable-libspeex --enable-libvorbis --enable-librubberband
  libavutil      59. 39.100 / 59. 39.100
  libavcodec     61. 19.100 / 61. 19.100
  libavformat    61.  7.100 / 61.  7.100
  libavdevice    61.  3.100 / 61.  3.100
  libavfilter    10.  4.100 / 10.  4.100
  libswscale      8.  3.100 /  8.  3.100
  libswresample   5.  3.100 /  5.  3.100
  libpostproc    58.  3.100 / 58.  3.100
Input #0, png_pipe, from 'C:\Codex\260829_youtube-anshin\episodes\010_myna_app_registration\assets\scenes\scene_003.png':
  Duration: N/A, bitrate: N/A
  Stream #0:0: Video: png, rgb24(pc, gbr/unknown/unknown), 1920x1080, 25 fps, 25 tbr, 25 tbn
Stream mapping:
  Stream #0:0 -> #0:0 (png (native) -> h264 (libx264))
Press [q] to stop, [?] for help
[libx264 @ 000002134cce1000] using cpu capabilities: MMX2 SSE2Fast SSSE3 SSE4.2 AVX FMA3 BMI2 AVX2
[libx264 @ 000002134cce1000] profile High, level 4.0, 4:2:0, 8-bit
[libx264 @ 000002134cce1000] 264 - core 164 r3192 c24e06c - H.264/MPEG-4 AVC codec - Copyleft 2003-2024 - http://www.videolan.org/x264.html - options: cabac=1 ref=3 deblock=1:0:0 analyse=0x3:0x113 me=hex subme=7 psy=1 psy_rd=1.00:0.00 mixed_ref=1 me_range=16 chroma_me=1 trellis=1 8x8dct=1 cqm=0 deadzone=21,11 fast_pskip=1 chroma_qp_offset=-2 threads=9 lookahead_threads=1 sliced_threads=0 nr=0 decimate=1 interlaced=0 bluray_compat=0 constrained_intra=0 bframes=3 b_pyramid=2 b_adapt=1 b_bias=0 direct=1 weightb=1 open_gop=0 weightp=2 keyint=250 keyint_min=25 scenecut=40 intra_refresh=0 rc_lookahead=40 rc=crf mbtree=1 crf=18.0 qcomp=0.60 qpmin=0 qpmax=69 qpstep=4 ip_ratio=1.40 aq=1:1.00
Output #0, mp4, to 'C:\Codex\260829_youtube-anshin\episodes\010_myna_app_registration\work\draft_v2_build\video_clips\scene_003.mp4':
  Metadata:
    encoder         : Lavf61.7.100
  Stream #0:0: Video: h264 (avc1 / 0x31637661), yuv420p(tv, progressive), 1920x1080, q=2-31, 30 fps, 15360 tbn
      Metadata:
        encoder         : Lavc61.19.100 libx264
      Side data:
        cpb: bitrate max/min/avg: 0/0/0 buffer size: 0 vbv_delay: N/A
frame=    0 fps=0.0 q=0.0 size=       0KiB time=N/A bitrate=N/A speed=N/A    
frame=   29 fps= 28 q=24.0 size=       0KiB time=00:00:00.90 bitrate=   0.4kbits/s speed=0.86x    
frame=   69 fps= 44 q=24.0 size=       0KiB time=00:00:02.23 bitrate=   0.2kbits/s speed=1.42x    
frame=  109 fps= 52 q=24.0 size=       0KiB time=00:00:03.56 bitrate=   0.1kbits/s speed=1.69x    
frame=  149 fps= 56 q=24.0 size=       0KiB time=00:00:04.90 bitrate=   0.1kbits/s speed=1.85x    
frame=  189 fps= 60 q=24.0 size=       0KiB time=00:00:06.23 bitrate=   0.1kbits/s speed=1.98x    
frame=  238 fps= 65 q=24.0 size=     256KiB time=00:00:07.86 bitrate= 266.6kbits/s speed=2.14x    
[out#0/mp4 @ 000002134cdb04c0] video:505KiB audio:0KiB subtitle:0KiB other streams:0KiB global headers:0KiB muxing overhead: 0.794231%
frame=  271 fps= 69 q=-1.0 Lsize=     509KiB time=00:00:08.96 bitrate= 465.1kbits/s speed=2.27x    
[libx264 @ 000002134cce1000] frame I:2     Avg QP: 7.85  size:216658
[libx264 @ 000002134cce1000] frame P:68    Avg QP: 7.88  size:   935
[libx264 @ 000002134cce1000] frame B:201   Avg QP:14.33  size:    98
[libx264 @ 000002134cce1000] consecutive B-frames:  1.1%  0.0%  0.0% 98.9%
[libx264 @ 000002134cce1000] mb I  I16..4: 15.4% 70.2% 14.4%
[libx264 @ 000002134cce1000] mb P  I16..4:  0.0%  0.0%  0.0%  P16..4:  3.5%  0.1%  0.1%  0.0%  0.0%    skip:96.3%
[libx264 @ 000002134cce1000] mb B  I16..4:  0.0%  0.0%  0.0%  B16..8:  0.4%  0.0%  0.0%  direct: 0.0%  skip:99.6%  L0:52.1% L1:47.9% BI: 0.0%
[libx264 @ 000002134cce1000] 8x8 transform intra:69.4% inter:93.5%
[libx264 @ 000002134cce1000] coded y,uvDC,uvAC intra: 72.6% 75.0% 73.8% inter: 0.3% 0.0% 0.0%
[libx264 @ 000002134cce1000] i16 v,h,dc,p: 61% 17% 16%  6%
[libx264 @ 000002134cce1000] i8 v,h,dc,ddl,ddr,vr,hd,vl,hu: 16% 26% 45%  3%  2%  1%  2%  2%  4%
[libx264 @ 000002134cce1000] i4 v,h,dc,ddl,ddr,vr,hd,vl,hu: 35% 28% 14%  6%  4%  3%  4%  3%  4%
[libx264 @ 000002134cce1000] i8c dc,h,v,p: 74% 14%  8%  5%
[libx264 @ 000002134cce1000] Weighted P-Frames: Y:0.0% UV:0.0%
[libx264 @ 000002134cce1000] ref P L0: 99.5%  0.0%  0.4%  0.1%
[libx264 @ 000002134cce1000] ref B L0:  3.1% 96.9%
[libx264 @ 000002134cce1000] ref B L1: 99.9%  0.1%
[libx264 @ 000002134cce1000] kb/s:457.45
ffmpeg version 7.1-essentials_build-www.gyan.dev Copyright (c) 2000-2024 the FFmpeg developers
  built with gcc 14.2.0 (Rev1, Built by MSYS2 project)
  configuration: --enable-gpl --enable-version3 --enable-static --disable-w32threads --disable-autodetect --enable-fontconfig --enable-iconv --enable-gnutls --enable-libxml2 --enable-gmp --enable-bzlib --enable-lzma --enable-zlib --enable-libsrt --enable-libssh --enable-libzmq --enable-avisynth --enable-sdl2 --enable-libwebp --enable-libx264 --enable-libx265 --enable-libxvid --enable-libaom --enable-libopenjpeg --enable-libvpx --enable-mediafoundation --enable-libass --enable-libfreetype --enable-libfribidi --enable-libharfbuzz --enable-libvidstab --enable-libvmaf --enable-libzimg --enable-amf --enable-cuda-llvm --enable-cuvid --enable-dxva2 --enable-d3d11va --enable-d3d12va --enable-ffnvcodec --enable-libvpl --enable-nvdec --enable-nvenc --enable-vaapi --enable-libgme --enable-libopenmpt --enable-libopencore-amrwb --enable-libmp3lame --enable-libtheora --enable-libvo-amrwbenc --enable-libgsm --enable-libopencore-amrnb --enable-libopus --enable-libspeex --enable-libvorbis --enable-librubberband
  libavutil      59. 39.100 / 59. 39.100
  libavcodec     61. 19.100 / 61. 19.100
  libavformat    61.  7.100 / 61.  7.100
  libavdevice    61.  3.100 / 61.  3.100
  libavfilter    10.  4.100 / 10.  4.100
  libswscale      8.  3.100 /  8.  3.100
  libswresample   5.  3.100 /  5.  3.100
  libpostproc    58.  3.100 / 58.  3.100
Input #0, png_pipe, from 'C:\Codex\260829_youtube-anshin\episodes\010_myna_app_registration\assets\scenes\scene_004.png':
  Duration: N/A, bitrate: N/A
  Stream #0:0: Video: png, rgb24(pc, gbr/unknown/unknown), 1920x1080, 25 fps, 25 tbr, 25 tbn
Stream mapping:
  Stream #0:0 -> #0:0 (png (native) -> h264 (libx264))
Press [q] to stop, [?] for help
[libx264 @ 000002331e8e1000] using cpu capabilities: MMX2 SSE2Fast SSSE3 SSE4.2 AVX FMA3 BMI2 AVX2
[libx264 @ 000002331e8e1000] profile High, level 4.0, 4:2:0, 8-bit
[libx264 @ 000002331e8e1000] 264 - core 164 r3192 c24e06c - H.264/MPEG-4 AVC codec - Copyleft 2003-2024 - http://www.videolan.org/x264.html - options: cabac=1 ref=3 deblock=1:0:0 analyse=0x3:0x113 me=hex subme=7 psy=1 psy_rd=1.00:0.00 mixed_ref=1 me_range=16 chroma_me=1 trellis=1 8x8dct=1 cqm=0 deadzone=21,11 fast_pskip=1 chroma_qp_offset=-2 threads=9 lookahead_threads=1 sliced_threads=0 nr=0 decimate=1 interlaced=0 bluray_compat=0 constrained_intra=0 bframes=3 b_pyramid=2 b_adapt=1 b_bias=0 direct=1 weightb=1 open_gop=0 weightp=2 keyint=250 keyint_min=25 scenecut=40 intra_refresh=0 rc_lookahead=40 rc=crf mbtree=1 crf=18.0 qcomp=0.60 qpmin=0 qpmax=69 qpstep=4 ip_ratio=1.40 aq=1:1.00
Output #0, mp4, to 'C:\Codex\260829_youtube-anshin\episodes\010_myna_app_registration\work\draft_v2_build\video_clips\scene_004.mp4':
  Metadata:
    encoder         : Lavf61.7.100
  Stream #0:0: Video: h264 (avc1 / 0x31637661), yuv420p(tv, progressive), 1920x1080, q=2-31, 30 fps, 15360 tbn
      Metadata:
        encoder         : Lavc61.19.100 libx264
      Side data:
        cpb: bitrate max/min/avg: 0/0/0 buffer size: 0 vbv_delay: N/A
frame=    0 fps=0.0 q=0.0 size=       0KiB time=N/A bitrate=N/A speed=N/A    
frame=   31 fps= 30 q=24.0 size=       0KiB time=00:00:00.96 bitrate=   0.4kbits/s speed=0.94x    
[out#0/mp4 @ 000002331ed504c0] video:211KiB audio:0KiB subtitle:0KiB other streams:0KiB global headers:0KiB muxing overhead: 0.923941%
frame=   95 fps= 67 q=-1.0 Lsize=     213KiB time=00:00:03.10 bitrate= 563.8kbits/s speed=2.18x    
[libx264 @ 000002331e8e1000] frame I:1     Avg QP: 7.37  size:177425
[libx264 @ 000002331e8e1000] frame P:24    Avg QP: 8.30  size:  1198
[libx264 @ 000002331e8e1000] frame B:70    Avg QP:14.54  size:   137
[libx264 @ 000002331e8e1000] consecutive B-frames:  1.1%  2.1%  0.0% 96.8%
[libx264 @ 000002331e8e1000] mb I  I16..4: 22.9% 64.6% 12.4%
[libx264 @ 000002331e8e1000] mb P  I16..4:  0.0%  0.0%  0.0%  P16..4:  3.6%  0.2%  0.3%  0.0%  0.0%    skip:95.9%
[libx264 @ 000002331e8e1000] mb B  I16..4:  0.0%  0.0%  0.0%  B16..8:  1.1%  0.0%  0.0%  direct: 0.0%  skip:98.9%  L0:32.5% L1:67.5% BI: 0.0%
[libx264 @ 000002331e8e1000] 8x8 transform intra:64.4% inter:82.7%
[libx264 @ 000002331e8e1000] coded y,uvDC,uvAC intra: 72.7% 74.4% 73.1% inter: 0.3% 0.1% 0.0%
[libx264 @ 000002331e8e1000] i16 v,h,dc,p: 75% 11% 10%  5%
[libx264 @ 000002331e8e1000] i8 v,h,dc,ddl,ddr,vr,hd,vl,hu: 18% 17% 51%  4%  2%  1%  2%  2%  4%
[libx264 @ 000002331e8e1000] i4 v,h,dc,ddl,ddr,vr,hd,vl,hu: 37% 25% 16%  5%  4%  3%  3%  3%  3%
[libx264 @ 000002331e8e1000] i8c dc,h,v,p: 75% 14%  7%  4%
[libx264 @ 000002331e8e1000] Weighted P-Frames: Y:0.0% UV:0.0%
[libx264 @ 000002331e8e1000] ref P L0: 97.4%  0.0%  2.4%  0.2%
[libx264 @ 000002331e8e1000] ref B L0: 15.2% 84.8%
[libx264 @ 000002331e8e1000] ref B L1: 80.4% 19.6%
[libx264 @ 000002331e8e1000] kb/s:545.12
ffmpeg version 7.1-essentials_build-www.gyan.dev Copyright (c) 2000-2024 the FFmpeg developers
  built with gcc 14.2.0 (Rev1, Built by MSYS2 project)
  configuration: --enable-gpl --enable-version3 --enable-static --disable-w32threads --disable-autodetect --enable-fontconfig --enable-iconv --enable-gnutls --enable-libxml2 --enable-gmp --enable-bzlib --enable-lzma --enable-zlib --enable-libsrt --enable-libssh --enable-libzmq --enable-avisynth --enable-sdl2 --enable-libwebp --enable-libx264 --enable-libx265 --enable-libxvid --enable-libaom --enable-libopenjpeg --enable-libvpx --enable-mediafoundation --enable-libass --enable-libfreetype --enable-libfribidi --enable-libharfbuzz --enable-libvidstab --enable-libvmaf --enable-libzimg --enable-amf --enable-cuda-llvm --enable-cuvid --enable-dxva2 --enable-d3d11va --enable-d3d12va --enable-ffnvcodec --enable-libvpl --enable-nvdec --enable-nvenc --enable-vaapi --enable-libgme --enable-libopenmpt --enable-libopencore-amrwb --enable-libmp3lame --enable-libtheora --enable-libvo-amrwbenc --enable-libgsm --enable-libopencore-amrnb --enable-libopus --enable-libspeex --enable-libvorbis --enable-librubberband
  libavutil      59. 39.100 / 59. 39.100
  libavcodec     61. 19.100 / 61. 19.100
  libavformat    61.  7.100 / 61.  7.100
  libavdevice    61.  3.100 / 61.  3.100
  libavfilter    10.  4.100 / 10.  4.100
  libswscale      8.  3.100 /  8.  3.100
  libswresample   5.  3.100 /  5.  3.100
  libpostproc    58.  3.100 / 58.  3.100
Input #0, png_pipe, from 'C:\Codex\260829_youtube-anshin\episodes\010_myna_app_registration\assets\scenes\scene_005.png':
  Duration: N/A, bitrate: N/A
  Stream #0:0: Video: png, rgb24(pc, gbr/unknown/unknown), 1920x1080, 25 fps, 25 tbr, 25 tbn
Stream mapping:
  Stream #0:0 -> #0:0 (png (native) -> h264 (libx264))
Press [q] to stop, [?] for help
[libx264 @ 0000025413c81000] using cpu capabilities: MMX2 SSE2Fast SSSE3 SSE4.2 AVX FMA3 BMI2 AVX2
[libx264 @ 0000025413c81000] profile High, level 4.0, 4:2:0, 8-bit
[libx264 @ 0000025413c81000] 264 - core 164 r3192 c24e06c - H.264/MPEG-4 AVC codec - Copyleft 2003-2024 - http://www.videolan.org/x264.html - options: cabac=1 ref=3 deblock=1:0:0 analyse=0x3:0x113 me=hex subme=7 psy=1 psy_rd=1.00:0.00 mixed_ref=1 me_range=16 chroma_me=1 trellis=1 8x8dct=1 cqm=0 deadzone=21,11 fast_pskip=1 chroma_qp_offset=-2 threads=9 lookahead_threads=1 sliced_threads=0 nr=0 decimate=1 interlaced=0 bluray_compat=0 constrained_intra=0 bframes=3 b_pyramid=2 b_adapt=1 b_bias=0 direct=1 weightb=1 open_gop=0 weightp=2 keyint=250 keyint_min=25 scenecut=40 intra_refresh=0 rc_lookahead=40 rc=crf mbtree=1 crf=18.0 qcomp=0.60 qpmin=0 qpmax=69 qpstep=4 ip_ratio=1.40 aq=1:1.00
Output #0, mp4, to 'C:\Codex\260829_youtube-anshin\episodes\010_myna_app_registration\work\draft_v2_build\video_clips\scene_005.mp4':
  Metadata:
    encoder         : Lavf61.7.100
  Stream #0:0: Video: h264 (avc1 / 0x31637661), yuv420p(tv, progressive), 1920x1080, q=2-31, 30 fps, 15360 tbn
      Metadata:
        encoder         : Lavc61.19.100 libx264
      Side data:
        cpb: bitrate max/min/avg: 0/0/0 buffer size: 0 vbv_delay: N/A
frame=    0 fps=0.0 q=0.0 size=       0KiB time=N/A bitrate=N/A speed=N/A    
frame=   26 fps= 25 q=24.0 size=       0KiB time=00:00:00.80 bitrate=   0.5kbits/s speed=0.773x    
frame=   73 fps= 45 q=24.0 size=       0KiB time=00:00:02.36 bitrate=   0.2kbits/s speed=1.47x    
frame=  113 fps= 53 q=24.0 size=       0KiB time=00:00:03.70 bitrate=   0.1kbits/s speed=1.74x    
frame=  153 fps= 58 q=24.0 size=       0KiB time=00:00:05.03 bitrate=   0.1kbits/s speed=1.91x    
frame=  196 fps= 61 q=24.0 size=       0KiB time=00:00:06.46 bitrate=   0.1kbits/s speed=2.03x    
frame=  234 fps= 63 q=24.0 size=     256KiB time=00:00:07.73 bitrate= 271.2kbits/s speed=2.08x    
frame=  287 fps= 68 q=24.0 size=     512KiB time=00:00:09.50 bitrate= 441.5kbits/s speed=2.25x    
[out#0/mp4 @ 0000025413d504c0] video:564KiB audio:0KiB subtitle:0KiB other streams:0KiB global headers:0KiB muxing overhead: 0.779540%
frame=  304 fps= 71 q=-1.0 Lsize=     569KiB time=00:00:10.06 bitrate= 462.7kbits/s speed=2.34x    
[libx264 @ 0000025413c81000] frame I:2     Avg QP: 7.02  size:244728
[libx264 @ 0000025413c81000] frame P:77    Avg QP: 7.91  size:   835
[libx264 @ 0000025413c81000] frame B:225   Avg QP:14.37  size:   104
[libx264 @ 0000025413c81000] consecutive B-frames:  1.3%  0.0%  0.0% 98.7%
[libx264 @ 0000025413c81000] mb I  I16..4: 24.1% 61.2% 14.7%
[libx264 @ 0000025413c81000] mb P  I16..4:  0.0%  0.0%  0.0%  P16..4:  3.2%  0.1%  0.1%  0.0%  0.0%    skip:96.6%
[libx264 @ 0000025413c81000] mb B  I16..4:  0.0%  0.0%  0.0%  B16..8:  0.5%  0.0%  0.0%  direct: 0.0%  skip:99.5%  L0:55.3% L1:44.7% BI: 0.0%
[libx264 @ 0000025413c81000] 8x8 transform intra:60.5% inter:94.4%
[libx264 @ 0000025413c81000] coded y,uvDC,uvAC intra: 74.4% 77.2% 76.4% inter: 0.3% 0.0% 0.0%
[libx264 @ 0000025413c81000] i16 v,h,dc,p: 43% 15% 34%  8%
[libx264 @ 0000025413c81000] i8 v,h,dc,ddl,ddr,vr,hd,vl,hu: 14% 26% 46%  3%  2%  1%  2%  1%  4%
[libx264 @ 0000025413c81000] i4 v,h,dc,ddl,ddr,vr,hd,vl,hu: 32% 25% 18%  6%  4%  3%  4%  4%  4%
[libx264 @ 0000025413c81000] i8c dc,h,v,p: 75% 13%  7%  5%
[libx264 @ 0000025413c81000] Weighted P-Frames: Y:0.0% UV:0.0%
[libx264 @ 0000025413c81000] ref P L0: 99.2%  0.0%  0.7%  0.1%
[libx264 @ 0000025413c81000] ref B L0:  7.4% 92.6%
[libx264 @ 0000025413c81000] ref B L1: 90.2%  9.8%
[libx264 @ 0000025413c81000] kb/s:455.60
ffmpeg version 7.1-essentials_build-www.gyan.dev Copyright (c) 2000-2024 the FFmpeg developers
  built with gcc 14.2.0 (Rev1, Built by MSYS2 project)
  configuration: --enable-gpl --enable-version3 --enable-static --disable-w32threads --disable-autodetect --enable-fontconfig --enable-iconv --enable-gnutls --enable-libxml2 --enable-gmp --enable-bzlib --enable-lzma --enable-zlib --enable-libsrt --enable-libssh --enable-libzmq --enable-avisynth --enable-sdl2 --enable-libwebp --enable-libx264 --enable-libx265 --enable-libxvid --enable-libaom --enable-libopenjpeg --enable-libvpx --enable-mediafoundation --enable-libass --enable-libfreetype --enable-libfribidi --enable-libharfbuzz --enable-libvidstab --enable-libvmaf --enable-libzimg --enable-amf --enable-cuda-llvm --enable-cuvid --enable-dxva2 --enable-d3d11va --enable-d3d12va --enable-ffnvcodec --enable-libvpl --enable-nvdec --enable-nvenc --enable-vaapi --enable-libgme --enable-libopenmpt --enable-libopencore-amrwb --enable-libmp3lame --enable-libtheora --enable-libvo-amrwbenc --enable-libgsm --enable-libopencore-amrnb --enable-libopus --enable-libspeex --enable-libvorbis --enable-librubberband
  libavutil      59. 39.100 / 59. 39.100
  libavcodec     61. 19.100 / 61. 19.100
  libavformat    61.  7.100 / 61.  7.100
  libavdevice    61.  3.100 / 61.  3.100
  libavfilter    10.  4.100 / 10.  4.100
  libswscale      8.  3.100 /  8.  3.100
  libswresample   5.  3.100 /  5.  3.100
  libpostproc    58.  3.100 / 58.  3.100
Input #0, png_pipe, from 'C:\Codex\260829_youtube-anshin\episodes\010_myna_app_registration\assets\scenes\scene_006.png':
  Duration: N/A, bitrate: N/A
  Stream #0:0: Video: png, rgb24(pc, gbr/unknown/unknown), 1920x1080, 25 fps, 25 tbr, 25 tbn
Stream mapping:
  Stream #0:0 -> #0:0 (png (native) -> h264 (libx264))
Press [q] to stop, [?] for help
[libx264 @ 00000226ccb01000] using cpu capabilities: MMX2 SSE2Fast SSSE3 SSE4.2 AVX FMA3 BMI2 AVX2
[libx264 @ 00000226ccb01000] profile High, level 4.0, 4:2:0, 8-bit
[libx264 @ 00000226ccb01000] 264 - core 164 r3192 c24e06c - H.264/MPEG-4 AVC codec - Copyleft 2003-2024 - http://www.videolan.org/x264.html - options: cabac=1 ref=3 deblock=1:0:0 analyse=0x3:0x113 me=hex subme=7 psy=1 psy_rd=1.00:0.00 mixed_ref=1 me_range=16 chroma_me=1 trellis=1 8x8dct=1 cqm=0 deadzone=21,11 fast_pskip=1 chroma_qp_offset=-2 threads=9 lookahead_threads=1 sliced_threads=0 nr=0 decimate=1 interlaced=0 bluray_compat=0 constrained_intra=0 bframes=3 b_pyramid=2 b_adapt=1 b_bias=0 direct=1 weightb=1 open_gop=0 weightp=2 keyint=250 keyint_min=25 scenecut=40 intra_refresh=0 rc_lookahead=40 rc=crf mbtree=1 crf=18.0 qcomp=0.60 qpmin=0 qpmax=69 qpstep=4 ip_ratio=1.40 aq=1:1.00
Output #0, mp4, to 'C:\Codex\260829_youtube-anshin\episodes\010_myna_app_registration\work\draft_v2_build\video_clips\scene_006.mp4':
  Metadata:
    encoder         : Lavf61.7.100
  Stream #0:0: Video: h264 (avc1 / 0x31637661), yuv420p(tv, progressive), 1920x1080, q=2-31, 30 fps, 15360 tbn
      Metadata:
        encoder         : Lavc61.19.100 libx264
      Side data:
        cpb: bitrate max/min/avg: 0/0/0 buffer size: 0 vbv_delay: N/A
frame=    0 fps=0.0 q=0.0 size=       0KiB time=N/A bitrate=N/A speed=N/A    
frame=   38 fps= 35 q=24.0 size=       0KiB time=00:00:01.20 bitrate=   0.3kbits/s speed=1.09x    
[out#0/mp4 @ 00000226ccbd04c0] video:215KiB audio:0KiB subtitle:0KiB other streams:0KiB global headers:0KiB muxing overhead: 0.974388%
frame=  108 fps= 69 q=-1.0 Lsize=     217KiB time=00:00:03.53 bitrate= 504.0kbits/s speed=2.25x    
[libx264 @ 00000226ccb01000] frame I:1     Avg QP: 7.35  size:178018
[libx264 @ 00000226ccb01000] frame P:27    Avg QP: 8.04  size:  1133
[libx264 @ 00000226ccb01000] frame B:80    Avg QP:15.14  size:   139
[libx264 @ 00000226ccb01000] consecutive B-frames:  0.9%  0.0%  2.8% 96.3%
[libx264 @ 00000226ccb01000] mb I  I16..4: 23.0% 65.2% 11.8%
[libx264 @ 00000226ccb01000] mb P  I16..4:  0.0%  0.0%  0.0%  P16..4:  3.3%  0.2%  0.3%  0.0%  0.0%    skip:96.2%
[libx264 @ 00000226ccb01000] mb B  I16..4:  0.0%  0.0%  0.0%  B16..8:  1.2%  0.0%  0.0%  direct: 0.0%  skip:98.8%  L0:33.8% L1:66.2% BI: 0.0%
[libx264 @ 00000226ccb01000] 8x8 transform intra:65.0% inter:83.6%
[libx264 @ 00000226ccb01000] coded y,uvDC,uvAC intra: 72.6% 74.2% 72.9% inter: 0.3% 0.1% 0.0%
[libx264 @ 00000226ccb01000] i16 v,h,dc,p: 74% 10% 12%  4%
[libx264 @ 00000226ccb01000] i8 v,h,dc,ddl,ddr,vr,hd,vl,hu: 18% 17% 50%  4%  2%  1%  2%  2%  4%
[libx264 @ 00000226ccb01000] i4 v,h,dc,ddl,ddr,vr,hd,vl,hu: 36% 25% 15%  6%  4%  3%  3%  3%  4%
[libx264 @ 00000226ccb01000] i8c dc,h,v,p: 75% 13%  7%  5%
[libx264 @ 00000226ccb01000] Weighted P-Frames: Y:0.0% UV:0.0%
[libx264 @ 00000226ccb01000] ref P L0: 96.7%  0.0%  3.1%  0.2%
[libx264 @ 00000226ccb01000] ref B L0: 10.3% 89.6%  0.2%
[libx264 @ 00000226ccb01000] ref B L1: 75.1% 24.9%
[libx264 @ 00000226ccb01000] kb/s:488.35
ffmpeg version 7.1-essentials_build-www.gyan.dev Copyright (c) 2000-2024 the FFmpeg developers
  built with gcc 14.2.0 (Rev1, Built by MSYS2 project)
  configuration: --enable-gpl --enable-version3 --enable-static --disable-w32threads --disable-autodetect --enable-fontconfig --enable-iconv --enable-gnutls --enable-libxml2 --enable-gmp --enable-bzlib --enable-lzma --enable-zlib --enable-libsrt --enable-libssh --enable-libzmq --enable-avisynth --enable-sdl2 --enable-libwebp --enable-libx264 --enable-libx265 --enable-libxvid --enable-libaom --enable-libopenjpeg --enable-libvpx --enable-mediafoundation --enable-libass --enable-libfreetype --enable-libfribidi --enable-libharfbuzz --enable-libvidstab --enable-libvmaf --enable-libzimg --enable-amf --enable-cuda-llvm --enable-cuvid --enable-dxva2 --enable-d3d11va --enable-d3d12va --enable-ffnvcodec --enable-libvpl --enable-nvdec --enable-nvenc --enable-vaapi --enable-libgme --enable-libopenmpt --enable-libopencore-amrwb --enable-libmp3lame --enable-libtheora --enable-libvo-amrwbenc --enable-libgsm --enable-libopencore-amrnb --enable-libopus --enable-libspeex --enable-libvorbis --enable-librubberband
  libavutil      59. 39.100 / 59. 39.100
  libavcodec     61. 19.100 / 61. 19.100
  libavformat    61.  7.100 / 61.  7.100
  libavdevice    61.  3.100 / 61.  3.100
  libavfilter    10.  4.100 / 10.  4.100
  libswscale      8.  3.100 /  8.  3.100
  libswresample   5.  3.100 /  5.  3.100
  libpostproc    58.  3.100 / 58.  3.100
Input #0, png_pipe, from 'C:\Codex\260829_youtube-anshin\episodes\010_myna_app_registration\assets\scenes\scene_007.png':
  Duration: N/A, bitrate: N/A
  Stream #0:0: Video: png, rgb24(pc, gbr/unknown/unknown), 1920x1080, 25 fps, 25 tbr, 25 tbn
Stream mapping:
  Stream #0:0 -> #0:0 (png (native) -> h264 (libx264))
Press [q] to stop, [?] for help
[libx264 @ 00000225bab44640] using cpu capabilities: MMX2 SSE2Fast SSSE3 SSE4.2 AVX FMA3 BMI2 AVX2
[libx264 @ 00000225bab44640] profile High, level 4.0, 4:2:0, 8-bit
[libx264 @ 00000225bab44640] 264 - core 164 r3192 c24e06c - H.264/MPEG-4 AVC codec - Copyleft 2003-2024 - http://www.videolan.org/x264.html - options: cabac=1 ref=3 deblock=1:0:0 analyse=0x3:0x113 me=hex subme=7 psy=1 psy_rd=1.00:0.00 mixed_ref=1 me_range=16 chroma_me=1 trellis=1 8x8dct=1 cqm=0 deadzone=21,11 fast_pskip=1 chroma_qp_offset=-2 threads=9 lookahead_threads=1 sliced_threads=0 nr=0 decimate=1 interlaced=0 bluray_compat=0 constrained_intra=0 bframes=3 b_pyramid=2 b_adapt=1 b_bias=0 direct=1 weightb=1 open_gop=0 weightp=2 keyint=250 keyint_min=25 scenecut=40 intra_refresh=0 rc_lookahead=40 rc=crf mbtree=1 crf=18.0 qcomp=0.60 qpmin=0 qpmax=69 qpstep=4 ip_ratio=1.40 aq=1:1.00
Output #0, mp4, to 'C:\Codex\260829_youtube-anshin\episodes\010_myna_app_registration\work\draft_v2_build\video_clips\scene_007.mp4':
  Metadata:
    encoder         : Lavf61.7.100
  Stream #0:0: Video: h264 (avc1 / 0x31637661), yuv420p(tv, progressive), 1920x1080, q=2-31, 30 fps, 15360 tbn
      Metadata:
        encoder         : Lavc61.19.100 libx264
      Side data:
        cpb: bitrate max/min/avg: 0/0/0 buffer size: 0 vbv_delay: N/A
frame=    0 fps=0.0 q=0.0 size=       0KiB time=N/A bitrate=N/A speed=N/A    
frame=   31 fps= 30 q=24.0 size=       0KiB time=00:00:00.96 bitrate=   0.4kbits/s speed=0.942x    
frame=   71 fps= 46 q=24.0 size=     256KiB time=00:00:02.30 bitrate= 912.0kbits/s speed=1.49x    
frame=  110 fps= 54 q=24.0 size=     512KiB time=00:00:03.60 bitrate=1165.2kbits/s speed=1.75x    
frame=  183 fps= 71 q=24.0 size=     768KiB time=00:00:06.03 bitrate=1042.8kbits/s speed=2.35x    
[out#0/mp4 @ 00000225ba056b80] video:892KiB audio:0KiB subtitle:0KiB other streams:0KiB global headers:0KiB muxing overhead: 0.430322%
frame=  265 fps= 92 q=-1.0 Lsize=     896KiB time=00:00:08.76 bitrate= 837.4kbits/s speed=3.04x    
[libx264 @ 00000225bab44640] frame I:2     Avg QP:10.44  size: 50826
[libx264 @ 00000225bab44640] frame P:89    Avg QP:17.57  size:  7927
[libx264 @ 00000225bab44640] frame B:174   Avg QP:18.40  size:   609
[libx264 @ 00000225bab44640] consecutive B-frames:  8.3%  7.5% 14.7% 69.4%
[libx264 @ 00000225bab44640] mb I  I16..4: 57.2% 33.1%  9.7%
[libx264 @ 00000225bab44640] mb P  I16..4:  2.5%  0.4%  0.1%  P16..4:  5.3%  1.6%  1.2%  0.0%  0.0%    skip:88.8%
[libx264 @ 00000225bab44640] mb B  I16..4:  0.3%  0.1%  0.0%  B16..8:  5.1%  0.2%  0.0%  direct: 0.1%  skip:94.1%  L0:51.8% L1:43.2% BI: 5.0%
[libx264 @ 00000225bab44640] 8x8 transform intra:23.4% inter:37.8%
[libx264 @ 00000225bab44640] coded y,uvDC,uvAC intra: 4.8% 6.0% 4.8% inter: 1.4% 1.0% 0.6%
[libx264 @ 00000225bab44640] i16 v,h,dc,p: 48% 51%  1%  0%
[libx264 @ 00000225bab44640] i8 v,h,dc,ddl,ddr,vr,hd,vl,hu:  7% 36% 57%  0%  0%  0%  0%  0%  0%
[libx264 @ 00000225bab44640] i4 v,h,dc,ddl,ddr,vr,hd,vl,hu: 32% 33% 18%  3%  3%  3%  2%  3%  3%
[libx264 @ 00000225bab44640] i8c dc,h,v,p: 51% 37% 12%  0%
[libx264 @ 00000225bab44640] Weighted P-Frames: Y:0.0% UV:0.0%
[libx264 @ 00000225bab44640] ref P L0: 70.6%  5.5% 12.7% 11.1%
[libx264 @ 00000225bab44640] ref B L0: 77.0% 16.0%  7.0%
[libx264 @ 00000225bab44640] ref B L1: 98.0%  2.0%
[libx264 @ 00000225bab44640] kb/s:826.91
ffmpeg version 7.1-essentials_build-www.gyan.dev Copyright (c) 2000-2024 the FFmpeg developers
  built with gcc 14.2.0 (Rev1, Built by MSYS2 project)
  configuration: --enable-gpl --enable-version3 --enable-static --disable-w32threads --disable-autodetect --enable-fontconfig --enable-iconv --enable-gnutls --enable-libxml2 --enable-gmp --enable-bzlib --enable-lzma --enable-zlib --enable-libsrt --enable-libssh --enable-libzmq --enable-avisynth --enable-sdl2 --enable-libwebp --enable-libx264 --enable-libx265 --enable-libxvid --enable-libaom --enable-libopenjpeg --enable-libvpx --enable-mediafoundation --enable-libass --enable-libfreetype --enable-libfribidi --enable-libharfbuzz --enable-libvidstab --enable-libvmaf --enable-libzimg --enable-amf --enable-cuda-llvm --enable-cuvid --enable-dxva2 --enable-d3d11va --enable-d3d12va --enable-ffnvcodec --enable-libvpl --enable-nvdec --enable-nvenc --enable-vaapi --enable-libgme --enable-libopenmpt --enable-libopencore-amrwb --enable-libmp3lame --enable-libtheora --enable-libvo-amrwbenc --enable-libgsm --enable-libopencore-amrnb --enable-libopus --enable-libspeex --enable-libvorbis --enable-librubberband
  libavutil      59. 39.100 / 59. 39.100
  libavcodec     61. 19.100 / 61. 19.100
  libavformat    61.  7.100 / 61.  7.100
  libavdevice    61.  3.100 / 61.  3.100
  libavfilter    10.  4.100 / 10.  4.100
  libswscale      8.  3.100 /  8.  3.100
  libswresample   5.  3.100 /  5.  3.100
  libpostproc    58.  3.100 / 58.  3.100
Input #0, png_pipe, from 'C:\Codex\260829_youtube-anshin\episodes\010_myna_app_registration\assets\scenes\scene_008.png':
  Duration: N/A, bitrate: N/A
  Stream #0:0: Video: png, rgb24(pc, gbr/unknown/unknown), 1920x1080, 25 fps, 25 tbr, 25 tbn
Stream mapping:
  Stream #0:0 -> #0:0 (png (native) -> h264 (libx264))
Press [q] to stop, [?] for help
[libx264 @ 0000022ea7441000] using cpu capabilities: MMX2 SSE2Fast SSSE3 SSE4.2 AVX FMA3 BMI2 AVX2
[libx264 @ 0000022ea7441000] profile High, level 4.0, 4:2:0, 8-bit
[libx264 @ 0000022ea7441000] 264 - core 164 r3192 c24e06c - H.264/MPEG-4 AVC codec - Copyleft 2003-2024 - http://www.videolan.org/x264.html - options: cabac=1 ref=3 deblock=1:0:0 analyse=0x3:0x113 me=hex subme=7 psy=1 psy_rd=1.00:0.00 mixed_ref=1 me_range=16 chroma_me=1 trellis=1 8x8dct=1 cqm=0 deadzone=21,11 fast_pskip=1 chroma_qp_offset=-2 threads=9 lookahead_threads=1 sliced_threads=0 nr=0 decimate=1 interlaced=0 bluray_compat=0 constrained_intra=0 bframes=3 b_pyramid=2 b_adapt=1 b_bias=0 direct=1 weightb=1 open_gop=0 weightp=2 keyint=250 keyint_min=25 scenecut=40 intra_refresh=0 rc_lookahead=40 rc=crf mbtree=1 crf=18.0 qcomp=0.60 qpmin=0 qpmax=69 qpstep=4 ip_ratio=1.40 aq=1:1.00
Output #0, mp4, to 'C:\Codex\260829_youtube-anshin\episodes\010_myna_app_registration\work\draft_v2_build\video_clips\scene_008.mp4':
  Metadata:
    encoder         : Lavf61.7.100
  Stream #0:0: Video: h264 (avc1 / 0x31637661), yuv420p(tv, progressive), 1920x1080, q=2-31, 30 fps, 15360 tbn
      Metadata:
        encoder         : Lavc61.19.100 libx264
      Side data:
        cpb: bitrate max/min/avg: 0/0/0 buffer size: 0 vbv_delay: N/A
frame=    0 fps=0.0 q=0.0 size=       0KiB time=N/A bitrate=N/A speed=N/A    
frame=   36 fps= 35 q=24.0 size=       0KiB time=00:00:01.13 bitrate=   0.3kbits/s speed= 1.1x    
[out#0/mp4 @ 0000022ea8cc04c0] video:207KiB audio:0KiB subtitle:0KiB other streams:0KiB global headers:0KiB muxing overhead: 0.869795%
frame=   82 fps= 61 q=-1.0 Lsize=     209KiB time=00:00:02.66 bitrate= 641.5kbits/s speed=   2x    
[libx264 @ 0000022ea7441000] frame I:1     Avg QP: 7.28  size:177831
[libx264 @ 0000022ea7441000] frame P:21    Avg QP: 8.41  size:  1167
[libx264 @ 0000022ea7441000] frame B:60    Avg QP:14.44  size:   150
[libx264 @ 0000022ea7441000] consecutive B-frames:  2.4%  0.0%  0.0% 97.6%
[libx264 @ 0000022ea7441000] mb I  I16..4: 23.1% 65.1% 11.7%
[libx264 @ 0000022ea7441000] mb P  I16..4:  0.0%  0.0%  0.0%  P16..4:  3.1%  0.2%  0.4%  0.0%  0.0%    skip:96.3%
[libx264 @ 0000022ea7441000] mb B  I16..4:  0.0%  0.0%  0.0%  B16..8:  1.4%  0.0%  0.0%  direct: 0.0%  skip:98.6%  L0:25.1% L1:74.9% BI: 0.0%
[libx264 @ 0000022ea7441000] 8x8 transform intra:65.1% inter:77.6%
[libx264 @ 0000022ea7441000] coded y,uvDC,uvAC intra: 73.3% 74.4% 73.0% inter: 0.3% 0.1% 0.0%
[libx264 @ 0000022ea7441000] i16 v,h,dc,p: 74% 11% 10%  4%
[libx264 @ 0000022ea7441000] i8 v,h,dc,ddl,ddr,vr,hd,vl,hu: 18% 16% 51%  4%  2%  1%  2%  2%  4%
[libx264 @ 0000022ea7441000] i4 v,h,dc,ddl,ddr,vr,hd,vl,hu: 36% 25% 16%  5%  4%  3%  4%  3%  4%
[libx264 @ 0000022ea7441000] i8c dc,h,v,p: 75% 13%  7%  5%
[libx264 @ 0000022ea7441000] Weighted P-Frames: Y:0.0% UV:0.0%
[libx264 @ 0000022ea7441000] ref P L0: 95.9%  0.0%  3.8%  0.3%
[libx264 @ 0000022ea7441000] ref B L0: 13.6% 86.2%  0.2%
[libx264 @ 0000022ea7441000] ref B L1: 72.8% 27.2%
[libx264 @ 0000022ea7441000] kb/s:618.48
ffmpeg version 7.1-essentials_build-www.gyan.dev Copyright (c) 2000-2024 the FFmpeg developers
  built with gcc 14.2.0 (Rev1, Built by MSYS2 project)
  configuration: --enable-gpl --enable-version3 --enable-static --disable-w32threads --disable-autodetect --enable-fontconfig --enable-iconv --enable-gnutls --enable-libxml2 --enable-gmp --enable-bzlib --enable-lzma --enable-zlib --enable-libsrt --enable-libssh --enable-libzmq --enable-avisynth --enable-sdl2 --enable-libwebp --enable-libx264 --enable-libx265 --enable-libxvid --enable-libaom --enable-libopenjpeg --enable-libvpx --enable-mediafoundation --enable-libass --enable-libfreetype --enable-libfribidi --enable-libharfbuzz --enable-libvidstab --enable-libvmaf --enable-libzimg --enable-amf --enable-cuda-llvm --enable-cuvid --enable-dxva2 --enable-d3d11va --enable-d3d12va --enable-ffnvcodec --enable-libvpl --enable-nvdec --enable-nvenc --enable-vaapi --enable-libgme --enable-libopenmpt --enable-libopencore-amrwb --enable-libmp3lame --enable-libtheora --enable-libvo-amrwbenc --enable-libgsm --enable-libopencore-amrnb --enable-libopus --enable-libspeex --enable-libvorbis --enable-librubberband
  libavutil      59. 39.100 / 59. 39.100
  libavcodec     61. 19.100 / 61. 19.100
  libavformat    61.  7.100 / 61.  7.100
  libavdevice    61.  3.100 / 61.  3.100
  libavfilter    10.  4.100 / 10.  4.100
  libswscale      8.  3.100 /  8.  3.100
  libswresample   5.  3.100 /  5.  3.100
  libpostproc    58.  3.100 / 58.  3.100
Input #0, png_pipe, from 'C:\Codex\260829_youtube-anshin\episodes\010_myna_app_registration\assets\scenes\scene_009.png':
  Duration: N/A, bitrate: N/A
  Stream #0:0: Video: png, rgb24(pc, gbr/unknown/unknown), 1920x1080, 25 fps, 25 tbr, 25 tbn
Stream mapping:
  Stream #0:0 -> #0:0 (png (native) -> h264 (libx264))
Press [q] to stop, [?] for help
[libx264 @ 000002df4c399540] using cpu capabilities: MMX2 SSE2Fast SSSE3 SSE4.2 AVX FMA3 BMI2 AVX2
[libx264 @ 000002df4c399540] profile High, level 4.0, 4:2:0, 8-bit
[libx264 @ 000002df4c399540] 264 - core 164 r3192 c24e06c - H.264/MPEG-4 AVC codec - Copyleft 2003-2024 - http://www.videolan.org/x264.html - options: cabac=1 ref=3 deblock=1:0:0 analyse=0x3:0x113 me=hex subme=7 psy=1 psy_rd=1.00:0.00 mixed_ref=1 me_range=16 chroma_me=1 trellis=1 8x8dct=1 cqm=0 deadzone=21,11 fast_pskip=1 chroma_qp_offset=-2 threads=9 lookahead_threads=1 sliced_threads=0 nr=0 decimate=1 interlaced=0 bluray_compat=0 constrained_intra=0 bframes=3 b_pyramid=2 b_adapt=1 b_bias=0 direct=1 weightb=1 open_gop=0 weightp=2 keyint=250 keyint_min=25 scenecut=40 intra_refresh=0 rc_lookahead=40 rc=crf mbtree=1 crf=18.0 qcomp=0.60 qpmin=0 qpmax=69 qpstep=4 ip_ratio=1.40 aq=1:1.00
Output #0, mp4, to 'C:\Codex\260829_youtube-anshin\episodes\010_myna_app_registration\work\draft_v2_build\video_clips\scene_009.mp4':
  Metadata:
    encoder         : Lavf61.7.100
  Stream #0:0: Video: h264 (avc1 / 0x31637661), yuv420p(tv, progressive), 1920x1080, q=2-31, 30 fps, 15360 tbn
      Metadata:
        encoder         : Lavc61.19.100 libx264
      Side data:
        cpb: bitrate max/min/avg: 0/0/0 buffer size: 0 vbv_delay: N/A
frame=    0 fps=0.0 q=0.0 size=       0KiB time=N/A bitrate=N/A speed=N/A    
frame=   31 fps= 30 q=24.0 size=       0KiB time=00:00:00.96 bitrate=   0.4kbits/s speed=0.942x    
frame=   81 fps= 53 q=24.0 size=     256KiB time=00:00:02.63 bitrate= 796.5kbits/s speed=1.71x    
frame=  137 fps= 67 q=24.0 size=     512KiB time=00:00:04.50 bitrate= 932.2kbits/s speed=2.19x    
[out#0/mp4 @ 000002df4c390640] video:902KiB audio:0KiB subtitle:0KiB other streams:0KiB global headers:0KiB muxing overhead: 0.372081%
frame=  224 fps= 91 q=-1.0 Lsize=     905KiB time=00:00:07.40 bitrate=1002.0kbits/s speed=   3x    
[libx264 @ 000002df4c399540] frame I:1     Avg QP:13.48  size: 50480
[libx264 @ 000002df4c399540] frame P:79    Avg QP:17.68  size:  9700
[libx264 @ 000002df4c399540] frame B:144   Avg QP:19.18  size:   736
[libx264 @ 000002df4c399540] consecutive B-frames:  9.4%  8.9% 17.4% 64.3%
[libx264 @ 000002df4c399540] mb I  I16..4: 43.2% 46.1% 10.7%
[libx264 @ 000002df4c399540] mb P  I16..4:  3.3%  0.5%  0.2%  P16..4:  6.4%  2.2%  1.6%  0.0%  0.0%    skip:85.9%
[libx264 @ 000002df4c399540] mb B  I16..4:  0.4%  0.2%  0.0%  B16..8:  6.5%  0.3%  0.0%  direct: 0.1%  skip:92.6%  L0:51.8% L1:43.1% BI: 5.1%
[libx264 @ 000002df4c399540] 8x8 transform intra:22.6% inter:36.0%
[libx264 @ 000002df4c399540] coded y,uvDC,uvAC intra: 4.2% 6.1% 4.5% inter: 1.9% 1.1% 0.6%
[libx264 @ 000002df4c399540] i16 v,h,dc,p: 38% 61%  1%  0%
[libx264 @ 000002df4c399540] i8 v,h,dc,ddl,ddr,vr,hd,vl,hu:  6% 23% 71%  0%  0%  0%  0%  0%  0%
[libx264 @ 000002df4c399540] i4 v,h,dc,ddl,ddr,vr,hd,vl,hu: 30% 35% 22%  2%  2%  2%  2%  2%  2%
[libx264 @ 000002df4c399540] i8c dc,h,v,p: 41% 45% 14%  0%
[libx264 @ 000002df4c399540] Weighted P-Frames: Y:0.0% UV:0.0%
[libx264 @ 000002df4c399540] ref P L0: 69.6%  5.3% 12.9% 12.2%
[libx264 @ 000002df4c399540] ref B L0: 79.6% 14.0%  6.4%
[libx264 @ 000002df4c399540] ref B L1: 97.9%  2.1%
[libx264 @ 000002df4c399540] kb/s:988.68
ffmpeg version 7.1-essentials_build-www.gyan.dev Copyright (c) 2000-2024 the FFmpeg developers
  built with gcc 14.2.0 (Rev1, Built by MSYS2 project)
  configuration: --enable-gpl --enable-version3 --enable-static --disable-w32threads --disable-autodetect --enable-fontconfig --enable-iconv --enable-gnutls --enable-libxml2 --enable-gmp --enable-bzlib --enable-lzma --enable-zlib --enable-libsrt --enable-libssh --enable-libzmq --enable-avisynth --enable-sdl2 --enable-libwebp --enable-libx264 --enable-libx265 --enable-libxvid --enable-libaom --enable-libopenjpeg --enable-libvpx --enable-mediafoundation --enable-libass --enable-libfreetype --enable-libfribidi --enable-libharfbuzz --enable-libvidstab --enable-libvmaf --enable-libzimg --enable-amf --enable-cuda-llvm --enable-cuvid --enable-dxva2 --enable-d3d11va --enable-d3d12va --enable-ffnvcodec --enable-libvpl --enable-nvdec --enable-nvenc --enable-vaapi --enable-libgme --enable-libopenmpt --enable-libopencore-amrwb --enable-libmp3lame --enable-libtheora --enable-libvo-amrwbenc --enable-libgsm --enable-libopencore-amrnb --enable-libopus --enable-libspeex --enable-libvorbis --enable-librubberband
  libavutil      59. 39.100 / 59. 39.100
  libavcodec     61. 19.100 / 61. 19.100
  libavformat    61.  7.100 / 61.  7.100
  libavdevice    61.  3.100 / 61.  3.100
  libavfilter    10.  4.100 / 10.  4.100
  libswscale      8.  3.100 /  8.  3.100
  libswresample   5.  3.100 /  5.  3.100
  libpostproc    58.  3.100 / 58.  3.100
Input #0, png_pipe, from 'C:\Codex\260829_youtube-anshin\episodes\010_myna_app_registration\assets\scenes\scene_010.png':
  Duration: N/A, bitrate: N/A
  Stream #0:0: Video: png, rgb24(pc, gbr/unknown/unknown), 1920x1080, 25 fps, 25 tbr, 25 tbn
Stream mapping:
  Stream #0:0 -> #0:0 (png (native) -> h264 (libx264))
Press [q] to stop, [?] for help
[libx264 @ 0000014336c21000] using cpu capabilities: MMX2 SSE2Fast SSSE3 SSE4.2 AVX FMA3 BMI2 AVX2
[libx264 @ 0000014336c21000] profile High, level 4.0, 4:2:0, 8-bit
[libx264 @ 0000014336c21000] 264 - core 164 r3192 c24e06c - H.264/MPEG-4 AVC codec - Copyleft 2003-2024 - http://www.videolan.org/x264.html - options: cabac=1 ref=3 deblock=1:0:0 analyse=0x3:0x113 me=hex subme=7 psy=1 psy_rd=1.00:0.00 mixed_ref=1 me_range=16 chroma_me=1 trellis=1 8x8dct=1 cqm=0 deadzone=21,11 fast_pskip=1 chroma_qp_offset=-2 threads=9 lookahead_threads=1 sliced_threads=0 nr=0 decimate=1 interlaced=0 bluray_compat=0 constrained_intra=0 bframes=3 b_pyramid=2 b_adapt=1 b_bias=0 direct=1 weightb=1 open_gop=0 weightp=2 keyint=250 keyint_min=25 scenecut=40 intra_refresh=0 rc_lookahead=40 rc=crf mbtree=1 crf=18.0 qcomp=0.60 qpmin=0 qpmax=69 qpstep=4 ip_ratio=1.40 aq=1:1.00
Output #0, mp4, to 'C:\Codex\260829_youtube-anshin\episodes\010_myna_app_registration\work\draft_v2_build\video_clips\scene_010.mp4':
  Metadata:
    encoder         : Lavf61.7.100
  Stream #0:0: Video: h264 (avc1 / 0x31637661), yuv420p(tv, progressive), 1920x1080, q=2-31, 30 fps, 15360 tbn
      Metadata:
        encoder         : Lavc61.19.100 libx264
      Side data:
        cpb: bitrate max/min/avg: 0/0/0 buffer size: 0 vbv_delay: N/A
frame=    0 fps=0.0 q=0.0 size=       0KiB time=N/A bitrate=N/A speed=N/A    
frame=   24 fps= 23 q=24.0 size=       0KiB time=00:00:00.73 bitrate=   0.5kbits/s speed=0.706x    
frame=   78 fps= 51 q=24.0 size=       0KiB time=00:00:02.53 bitrate=   0.2kbits/s speed=1.64x    
[out#0/mp4 @ 00000143370a04c0] video:215KiB audio:0KiB subtitle:0KiB other streams:0KiB global headers:0KiB muxing overhead: 0.986288%
frame=  109 fps= 62 q=-1.0 Lsize=     217KiB time=00:00:03.56 bitrate= 497.9kbits/s speed=2.03x    
[libx264 @ 0000014336c21000] frame I:1     Avg QP: 7.46  size:175021
[libx264 @ 0000014336c21000] frame P:27    Avg QP: 7.99  size:  1223
[libx264 @ 0000014336c21000] frame B:81    Avg QP:14.66  size:   137
[libx264 @ 0000014336c21000] consecutive B-frames:  0.9%  0.0%  0.0% 99.1%
[libx264 @ 0000014336c21000] mb I  I16..4: 23.8% 64.1% 12.1%
[libx264 @ 0000014336c21000] mb P  I16..4:  0.0%  0.0%  0.0%  P16..4:  4.0%  0.2%  0.3%  0.0%  0.0%    skip:95.6%
[libx264 @ 0000014336c21000] mb B  I16..4:  0.0%  0.0%  0.0%  B16..8:  1.1%  0.0%  0.0%  direct: 0.0%  skip:98.9%  L0:38.0% L1:62.0% BI: 0.0%
[libx264 @ 0000014336c21000] 8x8 transform intra:64.0% inter:85.1%
[libx264 @ 0000014336c21000] coded y,uvDC,uvAC intra: 71.8% 73.7% 72.3% inter: 0.4% 0.1% 0.0%
[libx264 @ 0000014336c21000] i16 v,h,dc,p: 74% 12% 10%  4%
[libx264 @ 0000014336c21000] i8 v,h,dc,ddl,ddr,vr,hd,vl,hu: 19% 17% 50%  4%  2%  1%  2%  2%  4%
[libx264 @ 0000014336c21000] i4 v,h,dc,ddl,ddr,vr,hd,vl,hu: 36% 26% 15%  6%  4%  3%  3%  3%  4%
[libx264 @ 0000014336c21000] i8c dc,h,v,p: 74% 14%  7%  4%
[libx264 @ 0000014336c21000] Weighted P-Frames: Y:0.0% UV:0.0%
[libx264 @ 0000014336c21000] ref P L0: 97.4%  0.0%  2.4%  0.2%
[libx264 @ 0000014336c21000] ref B L0: 13.5% 86.5%  0.0%
[libx264 @ 0000014336c21000] ref B L1: 80.9% 19.1%
[libx264 @ 0000014336c21000] kb/s:482.48
ffmpeg version 7.1-essentials_build-www.gyan.dev Copyright (c) 2000-2024 the FFmpeg developers
  built with gcc 14.2.0 (Rev1, Built by MSYS2 project)
  configuration: --enable-gpl --enable-version3 --enable-static --disable-w32threads --disable-autodetect --enable-fontconfig --enable-iconv --enable-gnutls --enable-libxml2 --enable-gmp --enable-bzlib --enable-lzma --enable-zlib --enable-libsrt --enable-libssh --enable-libzmq --enable-avisynth --enable-sdl2 --enable-libwebp --enable-libx264 --enable-libx265 --enable-libxvid --enable-libaom --enable-libopenjpeg --enable-libvpx --enable-mediafoundation --enable-libass --enable-libfreetype --enable-libfribidi --enable-libharfbuzz --enable-libvidstab --enable-libvmaf --enable-libzimg --enable-amf --enable-cuda-llvm --enable-cuvid --enable-dxva2 --enable-d3d11va --enable-d3d12va --enable-ffnvcodec --enable-libvpl --enable-nvdec --enable-nvenc --enable-vaapi --enable-libgme --enable-libopenmpt --enable-libopencore-amrwb --enable-libmp3lame --enable-libtheora --enable-libvo-amrwbenc --enable-libgsm --enable-libopencore-amrnb --enable-libopus --enable-libspeex --enable-libvorbis --enable-librubberband
  libavutil      59. 39.100 / 59. 39.100
  libavcodec     61. 19.100 / 61. 19.100
  libavformat    61.  7.100 / 61.  7.100
  libavdevice    61.  3.100 / 61.  3.100
  libavfilter    10.  4.100 / 10.  4.100
  libswscale      8.  3.100 /  8.  3.100
  libswresample   5.  3.100 /  5.  3.100
  libpostproc    58.  3.100 / 58.  3.100
Input #0, png_pipe, from 'C:\Codex\260829_youtube-anshin\episodes\010_myna_app_registration\assets\scenes\scene_011.png':
  Duration: N/A, bitrate: N/A
  Stream #0:0: Video: png, rgb24(pc, gbr/unknown/unknown), 1920x1080, 25 fps, 25 tbr, 25 tbn
Stream mapping:
  Stream #0:0 -> #0:0 (png (native) -> h264 (libx264))
Press [q] to stop, [?] for help
[libx264 @ 0000018e878894c0] using cpu capabilities: MMX2 SSE2Fast SSSE3 SSE4.2 AVX FMA3 BMI2 AVX2
[libx264 @ 0000018e878894c0] profile High, level 4.0, 4:2:0, 8-bit
[libx264 @ 0000018e878894c0] 264 - core 164 r3192 c24e06c - H.264/MPEG-4 AVC codec - Copyleft 2003-2024 - http://www.videolan.org/x264.html - options: cabac=1 ref=3 deblock=1:0:0 analyse=0x3:0x113 me=hex subme=7 psy=1 psy_rd=1.00:0.00 mixed_ref=1 me_range=16 chroma_me=1 trellis=1 8x8dct=1 cqm=0 deadzone=21,11 fast_pskip=1 chroma_qp_offset=-2 threads=9 lookahead_threads=1 sliced_threads=0 nr=0 decimate=1 interlaced=0 bluray_compat=0 constrained_intra=0 bframes=3 b_pyramid=2 b_adapt=1 b_bias=0 direct=1 weightb=1 open_gop=0 weightp=2 keyint=250 keyint_min=25 scenecut=40 intra_refresh=0 rc_lookahead=40 rc=crf mbtree=1 crf=18.0 qcomp=0.60 qpmin=0 qpmax=69 qpstep=4 ip_ratio=1.40 aq=1:1.00
Output #0, mp4, to 'C:\Codex\260829_youtube-anshin\episodes\010_myna_app_registration\work\draft_v2_build\video_clips\scene_011.mp4':
  Metadata:
    encoder         : Lavf61.7.100
  Stream #0:0: Video: h264 (avc1 / 0x31637661), yuv420p(tv, progressive), 1920x1080, q=2-31, 30 fps, 15360 tbn
      Metadata:
        encoder         : Lavc61.19.100 libx264
      Side data:
        cpb: bitrate max/min/avg: 0/0/0 buffer size: 0 vbv_delay: N/A
frame=    0 fps=0.0 q=0.0 size=       0KiB time=N/A bitrate=N/A speed=N/A    
frame=   18 fps= 18 q=24.0 size=       0KiB time=00:00:00.53 bitrate=   0.7kbits/s speed=0.52x    
frame=   57 fps= 37 q=24.0 size=     256KiB time=00:00:01.83 bitrate=1144.1kbits/s speed=1.19x    
frame=   86 fps= 42 q=24.0 size=     256KiB time=00:00:02.80 bitrate= 749.1kbits/s speed=1.36x    
frame=  137 fps= 53 q=24.0 size=     512KiB time=00:00:04.50 bitrate= 932.2kbits/s speed=1.73x    
frame=  158 fps= 51 q=24.0 size=     512KiB time=00:00:05.20 bitrate= 806.7kbits/s speed=1.68x    
frame=  215 fps= 59 q=24.0 size=     512KiB time=00:00:07.10 bitrate= 590.8kbits/s speed=1.96x    
frame=  271 fps= 65 q=24.0 size=     768KiB time=00:00:08.96 bitrate= 701.7kbits/s speed=2.16x    
frame=  364 fps= 78 q=-1.0 size=     768KiB time=00:00:11.80 bitrate= 533.2kbits/s speed=2.53x    
[out#0/mp4 @ 0000018e87880640] video:814KiB audio:0KiB subtitle:0KiB other streams:0KiB global headers:0KiB muxing overhead: 0.621217%
frame=  369 fps= 79 q=-1.0 Lsize=     819KiB time=00:00:12.23 bitrate= 548.7kbits/s speed=2.61x    
[libx264 @ 0000018e878894c0] frame I:2     Avg QP:10.84  size: 48164
[libx264 @ 0000018e878894c0] frame P:115   Avg QP:18.24  size:  5496
[libx264 @ 0000018e878894c0] frame B:252   Avg QP:23.27  size:   416
[libx264 @ 0000018e878894c0] consecutive B-frames:  6.0%  5.4% 10.6% 78.0%
[libx264 @ 0000018e878894c0] mb I  I16..4: 51.9% 38.4%  9.7%
[libx264 @ 0000018e878894c0] mb P  I16..4:  2.1%  0.3%  0.1%  P16..4:  3.9%  1.2%  0.9%  0.0%  0.0%    skip:91.5%
[libx264 @ 0000018e878894c0] mb B  I16..4:  0.2%  0.1%  0.0%  B16..8:  3.4%  0.2%  0.0%  direct: 0.0%  skip:96.0%  L0:52.0% L1:43.7% BI: 4.4%
[libx264 @ 0000018e878894c0] 8x8 transform intra:23.1% inter:37.2%
[libx264 @ 0000018e878894c0] coded y,uvDC,uvAC intra: 4.7% 6.3% 4.7% inter: 0.9% 0.5% 0.3%
[libx264 @ 0000018e878894c0] i16 v,h,dc,p: 47% 53%  1%  0%
[libx264 @ 0000018e878894c0] i8 v,h,dc,ddl,ddr,vr,hd,vl,hu: 10% 24% 65%  0%  0%  0%  0%  0%  0%
[libx264 @ 0000018e878894c0] i4 v,h,dc,ddl,ddr,vr,hd,vl,hu: 31% 35% 19%  3%  2%  2%  2%  3%  3%
[libx264 @ 0000018e878894c0] i8c dc,h,v,p: 49% 39% 12%  0%
[libx264 @ 0000018e878894c0] Weighted P-Frames: Y:0.0% UV:0.0%
[libx264 @ 0000018e878894c0] ref P L0: 70.3%  5.0% 13.1% 11.6%
[libx264 @ 0000018e878894c0] ref B L0: 78.1% 15.0%  6.9%
[libx264 @ 0000018e878894c0] ref B L1: 98.0%  2.0%
[libx264 @ 0000018e878894c0] kb/s:541.89
ffmpeg version 7.1-essentials_build-www.gyan.dev Copyright (c) 2000-2024 the FFmpeg developers
  built with gcc 14.2.0 (Rev1, Built by MSYS2 project)
  configuration: --enable-gpl --enable-version3 --enable-static --disable-w32threads --disable-autodetect --enable-fontconfig --enable-iconv --enable-gnutls --enable-libxml2 --enable-gmp --enable-bzlib --enable-lzma --enable-zlib --enable-libsrt --enable-libssh --enable-libzmq --enable-avisynth --enable-sdl2 --enable-libwebp --enable-libx264 --enable-libx265 --enable-libxvid --enable-libaom --enable-libopenjpeg --enable-libvpx --enable-mediafoundation --enable-libass --enable-libfreetype --enable-libfribidi --enable-libharfbuzz --enable-libvidstab --enable-libvmaf --enable-libzimg --enable-amf --enable-cuda-llvm --enable-cuvid --enable-dxva2 --enable-d3d11va --enable-d3d12va --enable-ffnvcodec --enable-libvpl --enable-nvdec --enable-nvenc --enable-vaapi --enable-libgme --enable-libopenmpt --enable-libopencore-amrwb --enable-libmp3lame --enable-libtheora --enable-libvo-amrwbenc --enable-libgsm --enable-libopencore-amrnb --enable-libopus --enable-libspeex --enable-libvorbis --enable-librubberband
  libavutil      59. 39.100 / 59. 39.100
  libavcodec     61. 19.100 / 61. 19.100
  libavformat    61.  7.100 / 61.  7.100
  libavdevice    61.  3.100 / 61.  3.100
  libavfilter    10.  4.100 / 10.  4.100
  libswscale      8.  3.100 /  8.  3.100
  libswresample   5.  3.100 /  5.  3.100
  libpostproc    58.  3.100 / 58.  3.100
Input #0, png_pipe, from 'C:\Codex\260829_youtube-anshin\episodes\010_myna_app_registration\assets\scenes\scene_012.png':
  Duration: N/A, bitrate: N/A
  Stream #0:0: Video: png, rgb24(pc, gbr/unknown/unknown), 1920x1080, 25 fps, 25 tbr, 25 tbn
Stream mapping:
  Stream #0:0 -> #0:0 (png (native) -> h264 (libx264))
Press [q] to stop, [?] for help
[libx264 @ 000001dd30aa0940] using cpu capabilities: MMX2 SSE2Fast SSSE3 SSE4.2 AVX FMA3 BMI2 AVX2
[libx264 @ 000001dd30aa0940] profile High, level 4.0, 4:2:0, 8-bit
[libx264 @ 000001dd30aa0940] 264 - core 164 r3192 c24e06c - H.264/MPEG-4 AVC codec - Copyleft 2003-2024 - http://www.videolan.org/x264.html - options: cabac=1 ref=3 deblock=1:0:0 analyse=0x3:0x113 me=hex subme=7 psy=1 psy_rd=1.00:0.00 mixed_ref=1 me_range=16 chroma_me=1 trellis=1 8x8dct=1 cqm=0 deadzone=21,11 fast_pskip=1 chroma_qp_offset=-2 threads=9 lookahead_threads=1 sliced_threads=0 nr=0 decimate=1 interlaced=0 bluray_compat=0 constrained_intra=0 bframes=3 b_pyramid=2 b_adapt=1 b_bias=0 direct=1 weightb=1 open_gop=0 weightp=2 keyint=250 keyint_min=25 scenecut=40 intra_refresh=0 rc_lookahead=40 rc=crf mbtree=1 crf=18.0 qcomp=0.60 qpmin=0 qpmax=69 qpstep=4 ip_ratio=1.40 aq=1:1.00
Output #0, mp4, to 'C:\Codex\260829_youtube-anshin\episodes\010_myna_app_registration\work\draft_v2_build\video_clips\scene_012.mp4':
  Metadata:
    encoder         : Lavf61.7.100
  Stream #0:0: Video: h264 (avc1 / 0x31637661), yuv420p(tv, progressive), 1920x1080, q=2-31, 30 fps, 15360 tbn
      Metadata:
        encoder         : Lavc61.19.100 libx264
      Side data:
        cpb: bitrate max/min/avg: 0/0/0 buffer size: 0 vbv_delay: N/A
frame=    0 fps=0.0 q=0.0 size=       0KiB time=N/A bitrate=N/A speed=N/A    
frame=   37 fps= 36 q=24.0 size=       0KiB time=00:00:01.16 bitrate=   0.3kbits/s speed=1.13x    
frame=   77 fps= 50 q=24.0 size=       0KiB time=00:00:02.50 bitrate=   0.2kbits/s speed=1.63x    
frame=  121 fps= 59 q=24.0 size=       0KiB time=00:00:03.96 bitrate=   0.1kbits/s speed=1.93x    
frame=  161 fps= 63 q=24.0 size=       0KiB time=00:00:05.30 bitrate=   0.1kbits/s speed=2.06x    
frame=  201 fps= 65 q=24.0 size=       0KiB time=00:00:06.63 bitrate=   0.1kbits/s speed=2.14x    
frame=  241 fps= 67 q=24.0 size=       0KiB time=00:00:07.96 bitrate=   0.0kbits/s speed=2.21x    
frame=  283 fps= 68 q=24.0 size=     256KiB time=00:00:09.36 bitrate= 223.9kbits/s speed=2.25x    
frame=  327 fps= 70 q=24.0 size=     256KiB time=00:00:10.83 bitrate= 193.6kbits/s speed=2.31x    
frame=  375 fps= 72 q=24.0 size=     256KiB time=00:00:12.30 bitrate= 170.5kbits/s speed=2.36x    
frame=  423 fps= 73 q=24.0 size=     256KiB time=00:00:14.03 bitrate= 149.5kbits/s speed=2.44x    
[out#0/mp4 @ 000001dd31be5bc0] video:441KiB audio:0KiB subtitle:0KiB other streams:0KiB global headers:0KiB muxing overhead: 1.468273%
frame=  482 fps= 79 q=-1.0 Lsize=     448KiB time=00:00:16.00 bitrate= 229.2kbits/s speed=2.62x    
[libx264 @ 000001dd30aa0940] frame I:2     Avg QP: 6.92  size:183244
[libx264 @ 000001dd30aa0940] frame P:121   Avg QP: 9.56  size:   418
[libx264 @ 000001dd30aa0940] frame B:359   Avg QP:14.50  size:    94
[libx264 @ 000001dd30aa0940] consecutive B-frames:  0.6%  0.0%  0.6% 98.8%
[libx264 @ 000001dd30aa0940] mb I  I16..4: 50.4% 33.2% 16.4%
[libx264 @ 000001dd30aa0940] mb P  I16..4:  0.0%  0.0%  0.0%  P16..4:  1.1%  0.0%  0.0%  0.0%  0.0%    skip:98.8%
[libx264 @ 000001dd30aa0940] mb B  I16..4:  0.0%  0.0%  0.0%  B16..8:  0.3%  0.0%  0.0%  direct: 0.0%  skip:99.7%  L0:49.4% L1:50.6% BI: 0.0%
[libx264 @ 000001dd30aa0940] 8x8 transform intra:33.6% inter:90.2%
[libx264 @ 000001dd30aa0940] coded y,uvDC,uvAC intra: 48.7% 53.6% 52.0% inter: 0.1% 0.1% 0.0%
[libx264 @ 000001dd30aa0940] i16 v,h,dc,p: 79%  9% 10%  2%
[libx264 @ 000001dd30aa0940] i8 v,h,dc,ddl,ddr,vr,hd,vl,hu: 20% 16% 51%  3%  2%  1%  2%  2%  4%
[libx264 @ 000001dd30aa0940] i4 v,h,dc,ddl,ddr,vr,hd,vl,hu: 39% 23% 15%  5%  4%  3%  3%  4%  3%
[libx264 @ 000001dd30aa0940] i8c dc,h,v,p: 73% 13% 10%  3%
[libx264 @ 000001dd30aa0940] Weighted P-Frames: Y:0.0% UV:0.0%
[libx264 @ 000001dd30aa0940] ref P L0: 97.7%  0.0%  2.1%  0.2%
[libx264 @ 000001dd30aa0940] ref B L0: 16.2% 83.7%  0.1%
[libx264 @ 000001dd30aa0940] ref B L1: 91.2%  8.8%
[libx264 @ 000001dd30aa0940] kb/s:224.56
ffmpeg version 7.1-essentials_build-www.gyan.dev Copyright (c) 2000-2024 the FFmpeg developers
  built with gcc 14.2.0 (Rev1, Built by MSYS2 project)
  configuration: --enable-gpl --enable-version3 --enable-static --disable-w32threads --disable-autodetect --enable-fontconfig --enable-iconv --enable-gnutls --enable-libxml2 --enable-gmp --enable-bzlib --enable-lzma --enable-zlib --enable-libsrt --enable-libssh --enable-libzmq --enable-avisynth --enable-sdl2 --enable-libwebp --enable-libx264 --enable-libx265 --enable-libxvid --enable-libaom --enable-libopenjpeg --enable-libvpx --enable-mediafoundation --enable-libass --enable-libfreetype --enable-libfribidi --enable-libharfbuzz --enable-libvidstab --enable-libvmaf --enable-libzimg --enable-amf --enable-cuda-llvm --enable-cuvid --enable-dxva2 --enable-d3d11va --enable-d3d12va --enable-ffnvcodec --enable-libvpl --enable-nvdec --enable-nvenc --enable-vaapi --enable-libgme --enable-libopenmpt --enable-libopencore-amrwb --enable-libmp3lame --enable-libtheora --enable-libvo-amrwbenc --enable-libgsm --enable-libopencore-amrnb --enable-libopus --enable-libspeex --enable-libvorbis --enable-librubberband
  libavutil      59. 39.100 / 59. 39.100
  libavcodec     61. 19.100 / 61. 19.100
  libavformat    61.  7.100 / 61.  7.100
  libavdevice    61.  3.100 / 61.  3.100
  libavfilter    10.  4.100 / 10.  4.100
  libswscale      8.  3.100 /  8.  3.100
  libswresample   5.  3.100 /  5.  3.100
  libpostproc    58.  3.100 / 58.  3.100
Input #0, png_pipe, from 'C:\Codex\260829_youtube-anshin\episodes\010_myna_app_registration\assets\scenes\scene_013.png':
  Duration: N/A, bitrate: N/A
  Stream #0:0: Video: png, rgb24(pc, gbr/unknown/unknown), 1920x1080, 25 fps, 25 tbr, 25 tbn
Stream mapping:
  Stream #0:0 -> #0:0 (png (native) -> h264 (libx264))
Press [q] to stop, [?] for help
[libx264 @ 000001cffe51cd00] using cpu capabilities: MMX2 SSE2Fast SSSE3 SSE4.2 AVX FMA3 BMI2 AVX2
[libx264 @ 000001cffe51cd00] profile High, level 4.0, 4:2:0, 8-bit
[libx264 @ 000001cffe51cd00] 264 - core 164 r3192 c24e06c - H.264/MPEG-4 AVC codec - Copyleft 2003-2024 - http://www.videolan.org/x264.html - options: cabac=1 ref=3 deblock=1:0:0 analyse=0x3:0x113 me=hex subme=7 psy=1 psy_rd=1.00:0.00 mixed_ref=1 me_range=16 chroma_me=1 trellis=1 8x8dct=1 cqm=0 deadzone=21,11 fast_pskip=1 chroma_qp_offset=-2 threads=9 lookahead_threads=1 sliced_threads=0 nr=0 decimate=1 interlaced=0 bluray_compat=0 constrained_intra=0 bframes=3 b_pyramid=2 b_adapt=1 b_bias=0 direct=1 weightb=1 open_gop=0 weightp=2 keyint=250 keyint_min=25 scenecut=40 intra_refresh=0 rc_lookahead=40 rc=crf mbtree=1 crf=18.0 qcomp=0.60 qpmin=0 qpmax=69 qpstep=4 ip_ratio=1.40 aq=1:1.00
Output #0, mp4, to 'C:\Codex\260829_youtube-anshin\episodes\010_myna_app_registration\work\draft_v2_build\video_clips\scene_013.mp4':
  Metadata:
    encoder         : Lavf61.7.100
  Stream #0:0: Video: h264 (avc1 / 0x31637661), yuv420p(tv, progressive), 1920x1080, q=2-31, 30 fps, 15360 tbn
      Metadata:
        encoder         : Lavc61.19.100 libx264
      Side data:
        cpb: bitrate max/min/avg: 0/0/0 buffer size: 0 vbv_delay: N/A
frame=    0 fps=0.0 q=0.0 size=       0KiB time=N/A bitrate=N/A speed=N/A    
frame=   29 fps= 28 q=24.0 size=       0KiB time=00:00:00.90 bitrate=   0.4kbits/s speed=0.875x    
frame=   73 fps= 47 q=24.0 size=       0KiB time=00:00:02.36 bitrate=   0.2kbits/s speed=1.51x    
frame=  117 fps= 56 q=24.0 size=       0KiB time=00:00:03.83 bitrate=   0.1kbits/s speed=1.82x    
frame=  161 fps= 61 q=24.0 size=       0KiB time=00:00:05.30 bitrate=   0.1kbits/s speed=2.01x    
frame=  202 fps= 64 q=24.0 size=       0KiB time=00:00:06.66 bitrate=   0.1kbits/s speed=2.12x    
frame=  242 fps= 66 q=24.0 size=       0KiB time=00:00:08.00 bitrate=   0.0kbits/s speed=2.19x    
frame=  312 fps= 75 q=24.0 size=     256KiB time=00:00:10.33 bitrate= 203.0kbits/s speed=2.48x    
[out#0/mp4 @ 000001cffdb9fcc0] video:422KiB audio:0KiB subtitle:0KiB other streams:0KiB global headers:0KiB muxing overhead: 1.098090%
frame=  324 fps= 77 q=-1.0 Lsize=     427KiB time=00:00:10.73 bitrate= 325.5kbits/s speed=2.55x    
[libx264 @ 000001cffe51cd00] frame I:2     Avg QP: 8.09  size:176793
[libx264 @ 000001cffe51cd00] frame P:82    Avg QP: 9.04  size:   634
[libx264 @ 000001cffe51cd00] frame B:240   Avg QP:14.47  size:   107
[libx264 @ 000001cffe51cd00] consecutive B-frames:  1.2%  0.0%  0.0% 98.8%
[libx264 @ 000001cffe51cd00] mb I  I16..4: 38.7% 44.1% 17.2%
[libx264 @ 000001cffe51cd00] mb P  I16..4:  0.3%  0.0%  0.0%  P16..4:  1.7%  0.0%  0.1%  0.0%  0.0%    skip:97.9%
[libx264 @ 000001cffe51cd00] mb B  I16..4:  0.0%  0.0%  0.0%  B16..8:  0.5%  0.0%  0.0%  direct: 0.0%  skip:99.5%  L0:57.8% L1:42.2% BI: 0.0%
[libx264 @ 000001cffe51cd00] 8x8 transform intra:39.2% inter:90.9%
[libx264 @ 000001cffe51cd00] coded y,uvDC,uvAC intra: 45.2% 54.0% 49.0% inter: 0.1% 0.1% 0.0%
[libx264 @ 000001cffe51cd00] i16 v,h,dc,p: 50% 40%  8%  2%
[libx264 @ 000001cffe51cd00] i8 v,h,dc,ddl,ddr,vr,hd,vl,hu: 21% 31% 37%  3%  1%  1%  2%  1%  3%
[libx264 @ 000001cffe51cd00] i4 v,h,dc,ddl,ddr,vr,hd,vl,hu: 34% 30% 16%  4%  4%  3%  3%  3%  3%
[libx264 @ 000001cffe51cd00] i8c dc,h,v,p: 63% 28%  6%  3%
[libx264 @ 000001cffe51cd00] Weighted P-Frames: Y:0.0% UV:0.0%
[libx264 @ 000001cffe51cd00] ref P L0: 97.7%  0.0%  2.1%  0.2%
[libx264 @ 000001cffe51cd00] ref B L0: 13.4% 86.5%  0.1%
[libx264 @ 000001cffe51cd00] ref B L1: 89.5% 10.5%
[libx264 @ 000001cffe51cd00] kb/s:319.51
ffmpeg version 7.1-essentials_build-www.gyan.dev Copyright (c) 2000-2024 the FFmpeg developers
  built with gcc 14.2.0 (Rev1, Built by MSYS2 project)
  configuration: --enable-gpl --enable-version3 --enable-static --disable-w32threads --disable-autodetect --enable-fontconfig --enable-iconv --enable-gnutls --enable-libxml2 --enable-gmp --enable-bzlib --enable-lzma --enable-zlib --enable-libsrt --enable-libssh --enable-libzmq --enable-avisynth --enable-sdl2 --enable-libwebp --enable-libx264 --enable-libx265 --enable-libxvid --enable-libaom --enable-libopenjpeg --enable-libvpx --enable-mediafoundation --enable-libass --enable-libfreetype --enable-libfribidi --enable-libharfbuzz --enable-libvidstab --enable-libvmaf --enable-libzimg --enable-amf --enable-cuda-llvm --enable-cuvid --enable-dxva2 --enable-d3d11va --enable-d3d12va --enable-ffnvcodec --enable-libvpl --enable-nvdec --enable-nvenc --enable-vaapi --enable-libgme --enable-libopenmpt --enable-libopencore-amrwb --enable-libmp3lame --enable-libtheora --enable-libvo-amrwbenc --enable-libgsm --enable-libopencore-amrnb --enable-libopus --enable-libspeex --enable-libvorbis --enable-librubberband
  libavutil      59. 39.100 / 59. 39.100
  libavcodec     61. 19.100 / 61. 19.100
  libavformat    61.  7.100 / 61.  7.100
  libavdevice    61.  3.100 / 61.  3.100
  libavfilter    10.  4.100 / 10.  4.100
  libswscale      8.  3.100 /  8.  3.100
  libswresample   5.  3.100 /  5.  3.100
  libpostproc    58.  3.100 / 58.  3.100
Input #0, png_pipe, from 'C:\Codex\260829_youtube-anshin\episodes\010_myna_app_registration\assets\scenes\scene_014.png':
  Duration: N/A, bitrate: N/A
  Stream #0:0: Video: png, rgb24(pc, gbr/unknown/unknown), 1920x1080, 25 fps, 25 tbr, 25 tbn
Stream mapping:
  Stream #0:0 -> #0:0 (png (native) -> h264 (libx264))
Press [q] to stop, [?] for help
[libx264 @ 0000018949981000] using cpu capabilities: MMX2 SSE2Fast SSSE3 SSE4.2 AVX FMA3 BMI2 AVX2
[libx264 @ 0000018949981000] profile High, level 4.0, 4:2:0, 8-bit
[libx264 @ 0000018949981000] 264 - core 164 r3192 c24e06c - H.264/MPEG-4 AVC codec - Copyleft 2003-2024 - http://www.videolan.org/x264.html - options: cabac=1 ref=3 deblock=1:0:0 analyse=0x3:0x113 me=hex subme=7 psy=1 psy_rd=1.00:0.00 mixed_ref=1 me_range=16 chroma_me=1 trellis=1 8x8dct=1 cqm=0 deadzone=21,11 fast_pskip=1 chroma_qp_offset=-2 threads=9 lookahead_threads=1 sliced_threads=0 nr=0 decimate=1 interlaced=0 bluray_compat=0 constrained_intra=0 bframes=3 b_pyramid=2 b_adapt=1 b_bias=0 direct=1 weightb=1 open_gop=0 weightp=2 keyint=250 keyint_min=25 scenecut=40 intra_refresh=0 rc_lookahead=40 rc=crf mbtree=1 crf=18.0 qcomp=0.60 qpmin=0 qpmax=69 qpstep=4 ip_ratio=1.40 aq=1:1.00
Output #0, mp4, to 'C:\Codex\260829_youtube-anshin\episodes\010_myna_app_registration\work\draft_v2_build\video_clips\scene_014.mp4':
  Metadata:
    encoder         : Lavf61.7.100
  Stream #0:0: Video: h264 (avc1 / 0x31637661), yuv420p(tv, progressive), 1920x1080, q=2-31, 30 fps, 15360 tbn
      Metadata:
        encoder         : Lavc61.19.100 libx264
      Side data:
        cpb: bitrate max/min/avg: 0/0/0 buffer size: 0 vbv_delay: N/A
frame=    0 fps=0.0 q=0.0 size=       0KiB time=N/A bitrate=N/A speed=N/A    
frame=   36 fps= 35 q=24.0 size=       0KiB time=00:00:01.13 bitrate=   0.3kbits/s speed= 1.1x    
frame=   74 fps= 48 q=24.0 size=       0KiB time=00:00:02.40 bitrate=   0.2kbits/s speed=1.56x    
frame=  134 fps= 65 q=-1.0 size=       0KiB time=00:00:04.40 bitrate=   0.1kbits/s speed=2.14x    
[out#0/mp4 @ 0000018949a504c0] video:220KiB audio:0KiB subtitle:0KiB other streams:0KiB global headers:0KiB muxing overhead: 1.101048%
frame=  135 fps= 66 q=-1.0 Lsize=     222KiB time=00:00:04.43 bitrate= 410.9kbits/s speed=2.16x    
[libx264 @ 0000018949981000] frame I:1     Avg QP: 7.44  size:179276
[libx264 @ 0000018949981000] frame P:34    Avg QP: 7.74  size:   993
[libx264 @ 0000018949981000] frame B:100   Avg QP:14.38  size:   115
[libx264 @ 0000018949981000] consecutive B-frames:  0.7%  1.5%  0.0% 97.8%
[libx264 @ 0000018949981000] mb I  I16..4: 23.2% 64.5% 12.3%
[libx264 @ 0000018949981000] mb P  I16..4:  0.0%  0.0%  0.0%  P16..4:  3.2%  0.1%  0.2%  0.0%  0.0%    skip:96.5%
[libx264 @ 0000018949981000] mb B  I16..4:  0.0%  0.0%  0.0%  B16..8:  0.7%  0.0%  0.0%  direct: 0.0%  skip:99.3%  L0:42.8% L1:57.2% BI: 0.0%
[libx264 @ 0000018949981000] 8x8 transform intra:63.9% inter:86.8%
[libx264 @ 0000018949981000] coded y,uvDC,uvAC intra: 72.1% 74.3% 72.9% inter: 0.3% 0.1% 0.0%
[libx264 @ 0000018949981000] i16 v,h,dc,p: 73% 10% 13%  4%
[libx264 @ 0000018949981000] i8 v,h,dc,ddl,ddr,vr,hd,vl,hu: 18% 16% 50%  4%  2%  1%  2%  2%  4%
[libx264 @ 0000018949981000] i4 v,h,dc,ddl,ddr,vr,hd,vl,hu: 36% 25% 16%  5%  4%  3%  4%  3%  4%
[libx264 @ 0000018949981000] i8c dc,h,v,p: 75% 13%  7%  5%
[libx264 @ 0000018949981000] Weighted P-Frames: Y:0.0% UV:0.0%
[libx264 @ 0000018949981000] ref P L0: 98.5%  0.0%  1.2%  0.3%
[libx264 @ 0000018949981000] ref B L0:  7.4% 92.6%
[libx264 @ 0000018949981000] ref B L1: 93.5%  6.5%
[libx264 @ 0000018949981000] kb/s:399.20
ffmpeg version 7.1-essentials_build-www.gyan.dev Copyright (c) 2000-2024 the FFmpeg developers
  built with gcc 14.2.0 (Rev1, Built by MSYS2 project)
  configuration: --enable-gpl --enable-version3 --enable-static --disable-w32threads --disable-autodetect --enable-fontconfig --enable-iconv --enable-gnutls --enable-libxml2 --enable-gmp --enable-bzlib --enable-lzma --enable-zlib --enable-libsrt --enable-libssh --enable-libzmq --enable-avisynth --enable-sdl2 --enable-libwebp --enable-libx264 --enable-libx265 --enable-libxvid --enable-libaom --enable-libopenjpeg --enable-libvpx --enable-mediafoundation --enable-libass --enable-libfreetype --enable-libfribidi --enable-libharfbuzz --enable-libvidstab --enable-libvmaf --enable-libzimg --enable-amf --enable-cuda-llvm --enable-cuvid --enable-dxva2 --enable-d3d11va --enable-d3d12va --enable-ffnvcodec --enable-libvpl --enable-nvdec --enable-nvenc --enable-vaapi --enable-libgme --enable-libopenmpt --enable-libopencore-amrwb --enable-libmp3lame --enable-libtheora --enable-libvo-amrwbenc --enable-libgsm --enable-libopencore-amrnb --enable-libopus --enable-libspeex --enable-libvorbis --enable-librubberband
  libavutil      59. 39.100 / 59. 39.100
  libavcodec     61. 19.100 / 61. 19.100
  libavformat    61.  7.100 / 61.  7.100
  libavdevice    61.  3.100 / 61.  3.100
  libavfilter    10.  4.100 / 10.  4.100
  libswscale      8.  3.100 /  8.  3.100
  libswresample   5.  3.100 /  5.  3.100
  libpostproc    58.  3.100 / 58.  3.100
Input #0, png_pipe, from 'C:\Codex\260829_youtube-anshin\episodes\010_myna_app_registration\assets\scenes\scene_015.png':
  Duration: N/A, bitrate: N/A
  Stream #0:0: Video: png, rgb24(pc, gbr/unknown/unknown), 1920x1080, 25 fps, 25 tbr, 25 tbn
Stream mapping:
  Stream #0:0 -> #0:0 (png (native) -> h264 (libx264))
Press [q] to stop, [?] for help
[libx264 @ 0000025c97ac9200] using cpu capabilities: MMX2 SSE2Fast SSSE3 SSE4.2 AVX FMA3 BMI2 AVX2
[libx264 @ 0000025c97ac9200] profile High, level 4.0, 4:2:0, 8-bit
[libx264 @ 0000025c97ac9200] 264 - core 164 r3192 c24e06c - H.264/MPEG-4 AVC codec - Copyleft 2003-2024 - http://www.videolan.org/x264.html - options: cabac=1 ref=3 deblock=1:0:0 analyse=0x3:0x113 me=hex subme=7 psy=1 psy_rd=1.00:0.00 mixed_ref=1 me_range=16 chroma_me=1 trellis=1 8x8dct=1 cqm=0 deadzone=21,11 fast_pskip=1 chroma_qp_offset=-2 threads=9 lookahead_threads=1 sliced_threads=0 nr=0 decimate=1 interlaced=0 bluray_compat=0 constrained_intra=0 bframes=3 b_pyramid=2 b_adapt=1 b_bias=0 direct=1 weightb=1 open_gop=0 weightp=2 keyint=250 keyint_min=25 scenecut=40 intra_refresh=0 rc_lookahead=40 rc=crf mbtree=1 crf=18.0 qcomp=0.60 qpmin=0 qpmax=69 qpstep=4 ip_ratio=1.40 aq=1:1.00
Output #0, mp4, to 'C:\Codex\260829_youtube-anshin\episodes\010_myna_app_registration\work\draft_v2_build\video_clips\scene_015.mp4':
  Metadata:
    encoder         : Lavf61.7.100
  Stream #0:0: Video: h264 (avc1 / 0x31637661), yuv420p(tv, progressive), 1920x1080, q=2-31, 30 fps, 15360 tbn
      Metadata:
        encoder         : Lavc61.19.100 libx264
      Side data:
        cpb: bitrate max/min/avg: 0/0/0 buffer size: 0 vbv_delay: N/A
frame=    0 fps=0.0 q=0.0 size=       0KiB time=N/A bitrate=N/A speed=N/A    
frame=   31 fps= 30 q=24.0 size=       0KiB time=00:00:00.96 bitrate=   0.4kbits/s speed=0.941x    
frame=   67 fps= 43 q=24.0 size=     256KiB time=00:00:02.16 bitrate= 968.1kbits/s speed= 1.4x    
frame=  110 fps= 53 q=24.0 size=     512KiB time=00:00:03.60 bitrate=1165.2kbits/s speed=1.74x    
frame=  150 fps= 58 q=24.0 size=     512KiB time=00:00:04.93 bitrate= 850.3kbits/s speed=1.91x    
frame=  210 fps= 68 q=24.0 size=     768KiB time=00:00:06.93 bitrate= 907.5kbits/s speed=2.24x    
frame=  278 fps= 77 q=24.0 size=     768KiB time=00:00:09.20 bitrate= 683.9kbits/s speed=2.55x    
frame=  357 fps= 86 q=24.0 size=     768KiB time=00:00:11.83 bitrate= 531.7kbits/s speed=2.86x    
[out#0/mp4 @ 0000025c986bfcc0] video:904KiB audio:0KiB subtitle:0KiB other streams:0KiB global headers:0KiB muxing overhead: 0.636396%
frame=  428 fps= 98 q=-1.0 Lsize=     909KiB time=00:00:14.20 bitrate= 524.6kbits/s speed=3.25x    
[libx264 @ 0000025c97ac9200] frame I:2     Avg QP: 9.27  size: 50462
[libx264 @ 0000025c97ac9200] frame P:130   Avg QP:18.71  size:  5426
[libx264 @ 0000025c97ac9200] frame B:296   Avg QP:22.65  size:   399
[libx264 @ 0000025c97ac9200] consecutive B-frames:  5.4%  4.2%  9.1% 81.3%
[libx264 @ 0000025c97ac9200] mb I  I16..4: 61.0% 29.4%  9.6%
[libx264 @ 0000025c97ac9200] mb P  I16..4:  1.9%  0.3%  0.1%  P16..4:  3.5%  1.0%  0.8%  0.0%  0.0%    skip:92.4%
[libx264 @ 0000025c97ac9200] mb B  I16..4:  0.2%  0.1%  0.0%  B16..8:  3.0%  0.1%  0.0%  direct: 0.1%  skip:96.5%  L0:51.3% L1:44.2% BI: 4.6%
[libx264 @ 0000025c97ac9200] 8x8 transform intra:19.4% inter:38.3%
[libx264 @ 0000025c97ac9200] coded y,uvDC,uvAC intra: 5.0% 5.5% 4.2% inter: 0.9% 0.5% 0.3%
[libx264 @ 0000025c97ac9200] i16 v,h,dc,p: 48% 51%  1%  0%
[libx264 @ 0000025c97ac9200] i8 v,h,dc,ddl,ddr,vr,hd,vl,hu: 10% 33% 57%  0%  0%  0%  0%  0%  0%
[libx264 @ 0000025c97ac9200] i4 v,h,dc,ddl,ddr,vr,hd,vl,hu: 29% 38% 20%  2%  2%  2%  2%  3%  2%
[libx264 @ 0000025c97ac9200] i8c dc,h,v,p: 53% 37% 10%  0%
[libx264 @ 0000025c97ac9200] Weighted P-Frames: Y:0.0% UV:0.0%
[libx264 @ 0000025c97ac9200] ref P L0: 71.3%  5.2% 12.0% 11.5%
[libx264 @ 0000025c97ac9200] ref B L0: 77.7% 15.1%  7.2%
[libx264 @ 0000025c97ac9200] ref B L1: 98.2%  1.8%
[libx264 @ 0000025c97ac9200] kb/s:518.42
ffmpeg version 7.1-essentials_build-www.gyan.dev Copyright (c) 2000-2024 the FFmpeg developers
  built with gcc 14.2.0 (Rev1, Built by MSYS2 project)
  configuration: --enable-gpl --enable-version3 --enable-static --disable-w32threads --disable-autodetect --enable-fontconfig --enable-iconv --enable-gnutls --enable-libxml2 --enable-gmp --enable-bzlib --enable-lzma --enable-zlib --enable-libsrt --enable-libssh --enable-libzmq --enable-avisynth --enable-sdl2 --enable-libwebp --enable-libx264 --enable-libx265 --enable-libxvid --enable-libaom --enable-libopenjpeg --enable-libvpx --enable-mediafoundation --enable-libass --enable-libfreetype --enable-libfribidi --enable-libharfbuzz --enable-libvidstab --enable-libvmaf --enable-libzimg --enable-amf --enable-cuda-llvm --enable-cuvid --enable-dxva2 --enable-d3d11va --enable-d3d12va --enable-ffnvcodec --enable-libvpl --enable-nvdec --enable-nvenc --enable-vaapi --enable-libgme --enable-libopenmpt --enable-libopencore-amrwb --enable-libmp3lame --enable-libtheora --enable-libvo-amrwbenc --enable-libgsm --enable-libopencore-amrnb --enable-libopus --enable-libspeex --enable-libvorbis --enable-librubberband
  libavutil      59. 39.100 / 59. 39.100
  libavcodec     61. 19.100 / 61. 19.100
  libavformat    61.  7.100 / 61.  7.100
  libavdevice    61.  3.100 / 61.  3.100
  libavfilter    10.  4.100 / 10.  4.100
  libswscale      8.  3.100 /  8.  3.100
  libswresample   5.  3.100 /  5.  3.100
  libpostproc    58.  3.100 / 58.  3.100
Input #0, png_pipe, from 'C:\Codex\260829_youtube-anshin\episodes\010_myna_app_registration\assets\scenes\scene_016.png':
  Duration: N/A, bitrate: N/A
  Stream #0:0: Video: png, rgb24(pc, gbr/unknown/unknown), 1920x1080, 25 fps, 25 tbr, 25 tbn
Stream mapping:
  Stream #0:0 -> #0:0 (png (native) -> h264 (libx264))
Press [q] to stop, [?] for help
[libx264 @ 00000288d54b9200] using cpu capabilities: MMX2 SSE2Fast SSSE3 SSE4.2 AVX FMA3 BMI2 AVX2
[libx264 @ 00000288d54b9200] profile High, level 4.0, 4:2:0, 8-bit
[libx264 @ 00000288d54b9200] 264 - core 164 r3192 c24e06c - H.264/MPEG-4 AVC codec - Copyleft 2003-2024 - http://www.videolan.org/x264.html - options: cabac=1 ref=3 deblock=1:0:0 analyse=0x3:0x113 me=hex subme=7 psy=1 psy_rd=1.00:0.00 mixed_ref=1 me_range=16 chroma_me=1 trellis=1 8x8dct=1 cqm=0 deadzone=21,11 fast_pskip=1 chroma_qp_offset=-2 threads=9 lookahead_threads=1 sliced_threads=0 nr=0 decimate=1 interlaced=0 bluray_compat=0 constrained_intra=0 bframes=3 b_pyramid=2 b_adapt=1 b_bias=0 direct=1 weightb=1 open_gop=0 weightp=2 keyint=250 keyint_min=25 scenecut=40 intra_refresh=0 rc_lookahead=40 rc=crf mbtree=1 crf=18.0 qcomp=0.60 qpmin=0 qpmax=69 qpstep=4 ip_ratio=1.40 aq=1:1.00
Output #0, mp4, to 'C:\Codex\260829_youtube-anshin\episodes\010_myna_app_registration\work\draft_v2_build\video_clips\scene_016.mp4':
  Metadata:
    encoder         : Lavf61.7.100
  Stream #0:0: Video: h264 (avc1 / 0x31637661), yuv420p(tv, progressive), 1920x1080, q=2-31, 30 fps, 15360 tbn
      Metadata:
        encoder         : Lavc61.19.100 libx264
      Side data:
        cpb: bitrate max/min/avg: 0/0/0 buffer size: 0 vbv_delay: N/A
frame=    0 fps=0.0 q=0.0 size=       0KiB time=N/A bitrate=N/A speed=N/A    
frame=   34 fps= 33 q=24.0 size=       0KiB time=00:00:01.06 bitrate=   0.4kbits/s speed=1.04x    
frame=   75 fps= 49 q=24.0 size=     256KiB time=00:00:02.43 bitrate= 862.0kbits/s speed=1.58x    
frame=  127 fps= 61 q=24.0 size=     512KiB time=00:00:04.16 bitrate=1006.7kbits/s speed=2.01x    
frame=  205 fps= 79 q=24.0 size=     512KiB time=00:00:06.76 bitrate= 619.9kbits/s speed= 2.6x    
[out#0/mp4 @ 00000288d54a6b80] video:817KiB audio:0KiB subtitle:0KiB other streams:0KiB global headers:0KiB muxing overhead: 0.474331%
frame=  268 fps= 95 q=-1.0 Lsize=     821KiB time=00:00:08.86 bitrate= 758.4kbits/s speed=3.13x    
[libx264 @ 00000288d54b9200] frame I:2     Avg QP:10.74  size: 45124
[libx264 @ 00000288d54b9200] frame P:90    Avg QP:17.67  size:  7100
[libx264 @ 00000288d54b9200] frame B:176   Avg QP:22.77  size:   606
[libx264 @ 00000288d54b9200] consecutive B-frames:  8.6%  6.7% 14.6% 70.1%
[libx264 @ 00000288d54b9200] mb I  I16..4: 52.9% 37.7%  9.3%
[libx264 @ 00000288d54b9200] mb P  I16..4:  2.9%  0.4%  0.2%  P16..4:  4.7%  1.5%  1.1%  0.0%  0.0%    skip:89.1%
[libx264 @ 00000288d54b9200] mb B  I16..4:  0.4%  0.1%  0.0%  B16..8:  5.0%  0.2%  0.0%  direct: 0.1%  skip:94.2%  L0:50.6% L1:45.3% BI: 4.0%
[libx264 @ 00000288d54b9200] 8x8 transform intra:22.5% inter:36.3%
[libx264 @ 00000288d54b9200] coded y,uvDC,uvAC intra: 4.3% 6.6% 5.3% inter: 1.2% 1.0% 0.6%
[libx264 @ 00000288d54b9200] i16 v,h,dc,p: 50% 49%  1%  0%
[libx264 @ 00000288d54b9200] i8 v,h,dc,ddl,ddr,vr,hd,vl,hu: 17% 35% 48%  0%  0%  0%  0%  0%  0%
[libx264 @ 00000288d54b9200] i4 v,h,dc,ddl,ddr,vr,hd,vl,hu: 29% 37% 20%  3%  2%  2%  2%  3%  2%
[libx264 @ 00000288d54b9200] i8c dc,h,v,p: 48% 37% 15%  0%
[libx264 @ 00000288d54b9200] Weighted P-Frames: Y:0.0% UV:0.0%
[libx264 @ 00000288d54b9200] ref P L0: 70.6%  4.6% 13.0% 11.8%
[libx264 @ 00000288d54b9200] ref B L0: 80.4% 13.1%  6.5%
[libx264 @ 00000288d54b9200] ref B L1: 98.1%  1.9%
[libx264 @ 00000288d54b9200] kb/s:748.53
ffmpeg version 7.1-essentials_build-www.gyan.dev Copyright (c) 2000-2024 the FFmpeg developers
  built with gcc 14.2.0 (Rev1, Built by MSYS2 project)
  configuration: --enable-gpl --enable-version3 --enable-static --disable-w32threads --disable-autodetect --enable-fontconfig --enable-iconv --enable-gnutls --enable-libxml2 --enable-gmp --enable-bzlib --enable-lzma --enable-zlib --enable-libsrt --enable-libssh --enable-libzmq --enable-avisynth --enable-sdl2 --enable-libwebp --enable-libx264 --enable-libx265 --enable-libxvid --enable-libaom --enable-libopenjpeg --enable-libvpx --enable-mediafoundation --enable-libass --enable-libfreetype --enable-libfribidi --enable-libharfbuzz --enable-libvidstab --enable-libvmaf --enable-libzimg --enable-amf --enable-cuda-llvm --enable-cuvid --enable-dxva2 --enable-d3d11va --enable-d3d12va --enable-ffnvcodec --enable-libvpl --enable-nvdec --enable-nvenc --enable-vaapi --enable-libgme --enable-libopenmpt --enable-libopencore-amrwb --enable-libmp3lame --enable-libtheora --enable-libvo-amrwbenc --enable-libgsm --enable-libopencore-amrnb --enable-libopus --enable-libspeex --enable-libvorbis --enable-librubberband
  libavutil      59. 39.100 / 59. 39.100
  libavcodec     61. 19.100 / 61. 19.100
  libavformat    61.  7.100 / 61.  7.100
  libavdevice    61.  3.100 / 61.  3.100
  libavfilter    10.  4.100 / 10.  4.100
  libswscale      8.  3.100 /  8.  3.100
  libswresample   5.  3.100 /  5.  3.100
  libpostproc    58.  3.100 / 58.  3.100
Input #0, png_pipe, from 'C:\Codex\260829_youtube-anshin\episodes\010_myna_app_registration\assets\scenes\scene_017.png':
  Duration: N/A, bitrate: N/A
  Stream #0:0: Video: png, rgb24(pc, gbr/unknown/unknown), 1920x1080, 25 fps, 25 tbr, 25 tbn
Stream mapping:
  Stream #0:0 -> #0:0 (png (native) -> h264 (libx264))
Press [q] to stop, [?] for help
[libx264 @ 000002a4a60106c0] using cpu capabilities: MMX2 SSE2Fast SSSE3 SSE4.2 AVX FMA3 BMI2 AVX2
[libx264 @ 000002a4a60106c0] profile High, level 4.0, 4:2:0, 8-bit
[libx264 @ 000002a4a60106c0] 264 - core 164 r3192 c24e06c - H.264/MPEG-4 AVC codec - Copyleft 2003-2024 - http://www.videolan.org/x264.html - options: cabac=1 ref=3 deblock=1:0:0 analyse=0x3:0x113 me=hex subme=7 psy=1 psy_rd=1.00:0.00 mixed_ref=1 me_range=16 chroma_me=1 trellis=1 8x8dct=1 cqm=0 deadzone=21,11 fast_pskip=1 chroma_qp_offset=-2 threads=9 lookahead_threads=1 sliced_threads=0 nr=0 decimate=1 interlaced=0 bluray_compat=0 constrained_intra=0 bframes=3 b_pyramid=2 b_adapt=1 b_bias=0 direct=1 weightb=1 open_gop=0 weightp=2 keyint=250 keyint_min=25 scenecut=40 intra_refresh=0 rc_lookahead=40 rc=crf mbtree=1 crf=18.0 qcomp=0.60 qpmin=0 qpmax=69 qpstep=4 ip_ratio=1.40 aq=1:1.00
Output #0, mp4, to 'C:\Codex\260829_youtube-anshin\episodes\010_myna_app_registration\work\draft_v2_build\video_clips\scene_017.mp4':
  Metadata:
    encoder         : Lavf61.7.100
  Stream #0:0: Video: h264 (avc1 / 0x31637661), yuv420p(tv, progressive), 1920x1080, q=2-31, 30 fps, 15360 tbn
      Metadata:
        encoder         : Lavc61.19.100 libx264
      Side data:
        cpb: bitrate max/min/avg: 0/0/0 buffer size: 0 vbv_delay: N/A
frame=    0 fps=0.0 q=0.0 size=       0KiB time=N/A bitrate=N/A speed=N/A    
frame=   14 fps= 14 q=24.0 size=       0KiB time=00:00:00.40 bitrate=   1.0kbits/s speed=0.39x    
frame=   37 fps= 24 q=24.0 size=     256KiB time=00:00:01.16 bitrate=1797.9kbits/s speed=0.755x    
frame=   57 fps= 28 q=24.0 size=     512KiB time=00:00:01.83 bitrate=2288.0kbits/s speed=0.894x    
frame=   86 fps= 34 q=24.0 size=     768KiB time=00:00:02.80 bitrate=2247.1kbits/s speed=1.09x    
frame=  109 fps= 35 q=24.0 size=     768KiB time=00:00:03.56 bitrate=1764.1kbits/s speed=1.15x    
frame=  133 fps= 37 q=24.0 size=    1024KiB time=00:00:04.36 bitrate=1921.1kbits/s speed=1.21x    
[out#0/mp4 @ 000002a4a6016b80] video:1349KiB audio:0KiB subtitle:0KiB other streams:0KiB global headers:0KiB muxing overhead: 0.200641%
frame=  158 fps= 39 q=-1.0 Lsize=    1352KiB time=00:00:05.20 bitrate=2129.8kbits/s speed= 1.3x    
[libx264 @ 000002a4a60106c0] frame I:1     Avg QP:13.14  size:143282
[libx264 @ 000002a4a60106c0] frame P:40    Avg QP:13.79  size: 21352
[libx264 @ 000002a4a60106c0] frame B:117   Avg QP:17.03  size:  3278
[libx264 @ 000002a4a60106c0] consecutive B-frames:  1.3%  0.0%  0.0% 98.7%
[libx264 @ 000002a4a60106c0] mb I  I16..4:  9.2% 71.5% 19.3%
[libx264 @ 000002a4a60106c0] mb P  I16..4:  0.1%  0.3%  0.0%  P16..4: 44.6% 14.7%  9.6%  0.0%  0.0%    skip:30.7%
[libx264 @ 000002a4a60106c0] mb B  I16..4:  0.0%  0.0%  0.0%  B16..8: 35.3%  0.3%  0.0%  direct: 0.0%  skip:64.3%  L0:46.4% L1:53.0% BI: 0.6%
[libx264 @ 000002a4a60106c0] 8x8 transform intra:72.6% inter:90.0%
[libx264 @ 000002a4a60106c0] coded y,uvDC,uvAC intra: 70.3% 72.4% 55.3% inter: 8.1% 6.5% 1.3%
[libx264 @ 000002a4a60106c0] i16 v,h,dc,p: 33% 25% 12% 29%
[libx264 @ 000002a4a60106c0] i8 v,h,dc,ddl,ddr,vr,hd,vl,hu: 23% 21% 28%  4%  4%  3%  7%  3%  8%
[libx264 @ 000002a4a60106c0] i4 v,h,dc,ddl,ddr,vr,hd,vl,hu: 32% 24%  9%  4%  8%  4% 12%  2%  5%
[libx264 @ 000002a4a60106c0] i8c dc,h,v,p: 52% 27% 13%  8%
[libx264 @ 000002a4a60106c0] Weighted P-Frames: Y:0.0% UV:0.0%
[libx264 @ 000002a4a60106c0] ref P L0: 55.8%  2.7% 20.0% 21.5%
[libx264 @ 000002a4a60106c0] ref B L0: 90.1%  6.9%  3.0%
[libx264 @ 000002a4a60106c0] ref B L1: 95.1%  4.9%
[libx264 @ 000002a4a60106c0] kb/s:2097.54
ffmpeg version 7.1-essentials_build-www.gyan.dev Copyright (c) 2000-2024 the FFmpeg developers
  built with gcc 14.2.0 (Rev1, Built by MSYS2 project)
  configuration: --enable-gpl --enable-version3 --enable-static --disable-w32threads --disable-autodetect --enable-fontconfig --enable-iconv --enable-gnutls --enable-libxml2 --enable-gmp --enable-bzlib --enable-lzma --enable-zlib --enable-libsrt --enable-libssh --enable-libzmq --enable-avisynth --enable-sdl2 --enable-libwebp --enable-libx264 --enable-libx265 --enable-libxvid --enable-libaom --enable-libopenjpeg --enable-libvpx --enable-mediafoundation --enable-libass --enable-libfreetype --enable-libfribidi --enable-libharfbuzz --enable-libvidstab --enable-libvmaf --enable-libzimg --enable-amf --enable-cuda-llvm --enable-cuvid --enable-dxva2 --enable-d3d11va --enable-d3d12va --enable-ffnvcodec --enable-libvpl --enable-nvdec --enable-nvenc --enable-vaapi --enable-libgme --enable-libopenmpt --enable-libopencore-amrwb --enable-libmp3lame --enable-libtheora --enable-libvo-amrwbenc --enable-libgsm --enable-libopencore-amrnb --enable-libopus --enable-libspeex --enable-libvorbis --enable-librubberband
  libavutil      59. 39.100 / 59. 39.100
  libavcodec     61. 19.100 / 61. 19.100
  libavformat    61.  7.100 / 61.  7.100
  libavdevice    61.  3.100 / 61.  3.100
  libavfilter    10.  4.100 / 10.  4.100
  libswscale      8.  3.100 /  8.  3.100
  libswresample   5.  3.100 /  5.  3.100
  libpostproc    58.  3.100 / 58.  3.100
Input #0, png_pipe, from 'C:\Codex\260829_youtube-anshin\episodes\010_myna_app_registration\assets\scenes\scene_018.png':
  Duration: N/A, bitrate: N/A
  Stream #0:0: Video: png, rgb24(pc, gbr/unknown/unknown), 1920x1080, 25 fps, 25 tbr, 25 tbn
Stream mapping:
  Stream #0:0 -> #0:0 (png (native) -> h264 (libx264))
Press [q] to stop, [?] for help
[libx264 @ 000001661b1891c0] using cpu capabilities: MMX2 SSE2Fast SSSE3 SSE4.2 AVX FMA3 BMI2 AVX2
[libx264 @ 000001661b1891c0] profile High, level 4.0, 4:2:0, 8-bit
[libx264 @ 000001661b1891c0] 264 - core 164 r3192 c24e06c - H.264/MPEG-4 AVC codec - Copyleft 2003-2024 - http://www.videolan.org/x264.html - options: cabac=1 ref=3 deblock=1:0:0 analyse=0x3:0x113 me=hex subme=7 psy=1 psy_rd=1.00:0.00 mixed_ref=1 me_range=16 chroma_me=1 trellis=1 8x8dct=1 cqm=0 deadzone=21,11 fast_pskip=1 chroma_qp_offset=-2 threads=9 lookahead_threads=1 sliced_threads=0 nr=0 decimate=1 interlaced=0 bluray_compat=0 constrained_intra=0 bframes=3 b_pyramid=2 b_adapt=1 b_bias=0 direct=1 weightb=1 open_gop=0 weightp=2 keyint=250 keyint_min=25 scenecut=40 intra_refresh=0 rc_lookahead=40 rc=crf mbtree=1 crf=18.0 qcomp=0.60 qpmin=0 qpmax=69 qpstep=4 ip_ratio=1.40 aq=1:1.00
Output #0, mp4, to 'C:\Codex\260829_youtube-anshin\episodes\010_myna_app_registration\work\draft_v2_build\video_clips\scene_018.mp4':
  Metadata:
    encoder         : Lavf61.7.100
  Stream #0:0: Video: h264 (avc1 / 0x31637661), yuv420p(tv, progressive), 1920x1080, q=2-31, 30 fps, 15360 tbn
      Metadata:
        encoder         : Lavc61.19.100 libx264
      Side data:
        cpb: bitrate max/min/avg: 0/0/0 buffer size: 0 vbv_delay: N/A
frame=    0 fps=0.0 q=0.0 size=       0KiB time=N/A bitrate=N/A speed=N/A    
frame=   12 fps= 12 q=24.0 size=       0KiB time=00:00:00.33 bitrate=   1.2kbits/s speed=0.323x    
frame=   52 fps= 33 q=24.0 size=       0KiB time=00:00:01.66 bitrate=   0.2kbits/s speed=1.07x    
frame=   86 fps= 41 q=24.0 size=     256KiB time=00:00:02.80 bitrate= 749.1kbits/s speed=1.34x    
frame=  127 fps= 49 q=24.0 size=     512KiB time=00:00:04.16 bitrate=1006.7kbits/s speed= 1.6x    
frame=  186 fps= 59 q=24.0 size=     512KiB time=00:00:06.13 bitrate= 683.9kbits/s speed=1.96x    
frame=  238 fps= 65 q=24.0 size=     512KiB time=00:00:07.86 bitrate= 533.2kbits/s speed=2.15x    
frame=  303 fps= 73 q=24.0 size=     512KiB time=00:00:10.03 bitrate= 418.1kbits/s speed=2.41x    
[out#0/mp4 @ 000001661b176b80] video:720KiB audio:0KiB subtitle:0KiB other streams:0KiB global headers:0KiB muxing overhead: 0.652445%
frame=  335 fps= 79 q=-1.0 Lsize=     725KiB time=00:00:11.10 bitrate= 535.0kbits/s speed=2.61x    
[libx264 @ 000001661b1891c0] frame I:2     Avg QP: 9.03  size: 39382
[libx264 @ 000001661b1891c0] frame P:96    Avg QP:17.88  size:  5596
[libx264 @ 000001661b1891c0] frame B:237   Avg QP:21.45  size:   510
[libx264 @ 000001661b1891c0] consecutive B-frames:  3.9%  3.0%  7.2% 86.0%
[libx264 @ 000001661b1891c0] mb I  I16..4: 58.9% 32.0%  9.0%
[libx264 @ 000001661b1891c0] mb P  I16..4:  2.7%  0.3%  0.2%  P16..4:  3.3%  1.3%  0.9%  0.0%  0.0%    skip:91.3%
[libx264 @ 000001661b1891c0] mb B  I16..4:  0.3%  0.1%  0.0%  B16..8:  4.3%  0.2%  0.0%  direct: 0.1%  skip:95.0%  L0:50.6% L1:45.1% BI: 4.3%
[libx264 @ 000001661b1891c0] 8x8 transform intra:19.7% inter:33.9%
[libx264 @ 000001661b1891c0] coded y,uvDC,uvAC intra: 4.6% 8.9% 5.4% inter: 0.8% 0.6% 0.3%
[libx264 @ 000001661b1891c0] i16 v,h,dc,p: 49% 50%  1%  0%
[libx264 @ 000001661b1891c0] i8 v,h,dc,ddl,ddr,vr,hd,vl,hu:  7% 26% 67%  0%  0%  0%  0%  0%  0%
[libx264 @ 000001661b1891c0] i4 v,h,dc,ddl,ddr,vr,hd,vl,hu: 35% 36% 18%  2%  2%  2%  2%  2%  2%
[libx264 @ 000001661b1891c0] i8c dc,h,v,p: 48% 38% 14%  0%
[libx264 @ 000001661b1891c0] Weighted P-Frames: Y:0.0% UV:0.0%
[libx264 @ 000001661b1891c0] ref P L0: 65.9%  4.8% 15.6% 13.7%
[libx264 @ 000001661b1891c0] ref B L0: 80.2% 14.0%  5.8%
[libx264 @ 000001661b1891c0] ref B L1: 96.3%  3.7%
[libx264 @ 000001661b1891c0] kb/s:527.89
ffmpeg version 7.1-essentials_build-www.gyan.dev Copyright (c) 2000-2024 the FFmpeg developers
  built with gcc 14.2.0 (Rev1, Built by MSYS2 project)
  configuration: --enable-gpl --enable-version3 --enable-static --disable-w32threads --disable-autodetect --enable-fontconfig --enable-iconv --enable-gnutls --enable-libxml2 --enable-gmp --enable-bzlib --enable-lzma --enable-zlib --enable-libsrt --enable-libssh --enable-libzmq --enable-avisynth --enable-sdl2 --enable-libwebp --enable-libx264 --enable-libx265 --enable-libxvid --enable-libaom --enable-libopenjpeg --enable-libvpx --enable-mediafoundation --enable-libass --enable-libfreetype --enable-libfribidi --enable-libharfbuzz --enable-libvidstab --enable-libvmaf --enable-libzimg --enable-amf --enable-cuda-llvm --enable-cuvid --enable-dxva2 --enable-d3d11va --enable-d3d12va --enable-ffnvcodec --enable-libvpl --enable-nvdec --enable-nvenc --enable-vaapi --enable-libgme --enable-libopenmpt --enable-libopencore-amrwb --enable-libmp3lame --enable-libtheora --enable-libvo-amrwbenc --enable-libgsm --enable-libopencore-amrnb --enable-libopus --enable-libspeex --enable-libvorbis --enable-librubberband
  libavutil      59. 39.100 / 59. 39.100
  libavcodec     61. 19.100 / 61. 19.100
  libavformat    61.  7.100 / 61.  7.100
  libavdevice    61.  3.100 / 61.  3.100
  libavfilter    10.  4.100 / 10.  4.100
  libswscale      8.  3.100 /  8.  3.100
  libswresample   5.  3.100 /  5.  3.100
  libpostproc    58.  3.100 / 58.  3.100
Input #0, png_pipe, from 'C:\Codex\260829_youtube-anshin\episodes\010_myna_app_registration\assets\scenes\scene_019.png':
  Duration: N/A, bitrate: N/A
  Stream #0:0: Video: png, rgb24(pc, gbr/unknown/unknown), 1920x1080, 25 fps, 25 tbr, 25 tbn
Stream mapping:
  Stream #0:0 -> #0:0 (png (native) -> h264 (libx264))
Press [q] to stop, [?] for help
[libx264 @ 00000231de8d1000] using cpu capabilities: MMX2 SSE2Fast SSSE3 SSE4.2 AVX FMA3 BMI2 AVX2
[libx264 @ 00000231de8d1000] profile High, level 4.0, 4:2:0, 8-bit
[libx264 @ 00000231de8d1000] 264 - core 164 r3192 c24e06c - H.264/MPEG-4 AVC codec - Copyleft 2003-2024 - http://www.videolan.org/x264.html - options: cabac=1 ref=3 deblock=1:0:0 analyse=0x3:0x113 me=hex subme=7 psy=1 psy_rd=1.00:0.00 mixed_ref=1 me_range=16 chroma_me=1 trellis=1 8x8dct=1 cqm=0 deadzone=21,11 fast_pskip=1 chroma_qp_offset=-2 threads=9 lookahead_threads=1 sliced_threads=0 nr=0 decimate=1 interlaced=0 bluray_compat=0 constrained_intra=0 bframes=3 b_pyramid=2 b_adapt=1 b_bias=0 direct=1 weightb=1 open_gop=0 weightp=2 keyint=250 keyint_min=25 scenecut=40 intra_refresh=0 rc_lookahead=40 rc=crf mbtree=1 crf=18.0 qcomp=0.60 qpmin=0 qpmax=69 qpstep=4 ip_ratio=1.40 aq=1:1.00
Output #0, mp4, to 'C:\Codex\260829_youtube-anshin\episodes\010_myna_app_registration\work\draft_v2_build\video_clips\scene_019.mp4':
  Metadata:
    encoder         : Lavf61.7.100
  Stream #0:0: Video: h264 (avc1 / 0x31637661), yuv420p(tv, progressive), 1920x1080, q=2-31, 30 fps, 15360 tbn
      Metadata:
        encoder         : Lavc61.19.100 libx264
      Side data:
        cpb: bitrate max/min/avg: 0/0/0 buffer size: 0 vbv_delay: N/A
frame=    0 fps=0.0 q=0.0 size=       0KiB time=N/A bitrate=N/A speed=N/A    
frame=   13 fps= 12 q=24.0 size=       0KiB time=00:00:00.36 bitrate=   1.0kbits/s speed=0.352x    
frame=   49 fps= 31 q=24.0 size=       0KiB time=00:00:01.56 bitrate=   0.2kbits/s speed=1.01x    
frame=   85 fps= 41 q=24.0 size=       0KiB time=00:00:02.76 bitrate=   0.1kbits/s speed=1.34x    
frame=  118 fps= 46 q=24.0 size=       0KiB time=00:00:03.86 bitrate=   0.1kbits/s speed= 1.5x    
frame=  156 fps= 50 q=24.0 size=     256KiB time=00:00:05.13 bitrate= 408.6kbits/s speed=1.66x    
frame=  196 fps= 54 q=24.0 size=     256KiB time=00:00:06.46 bitrate= 324.4kbits/s speed=1.79x    
frame=  237 fps= 57 q=24.0 size=     256KiB time=00:00:07.83 bitrate= 267.8kbits/s speed=1.89x    
frame=  271 fps= 58 q=24.0 size=     512KiB time=00:00:08.96 bitrate= 467.8kbits/s speed=1.92x    
frame=  304 fps= 59 q=24.0 size=     512KiB time=00:00:10.06 bitrate= 416.7kbits/s speed=1.94x    
frame=  333 fps= 58 q=24.0 size=     512KiB time=00:00:11.03 bitrate= 380.2kbits/s speed=1.92x    
frame=  373 fps= 59 q=24.0 size=     512KiB time=00:00:12.36 bitrate= 339.2kbits/s speed=1.97x    
frame=  410 fps= 60 q=24.0 size=     512KiB time=00:00:13.60 bitrate= 308.4kbits/s speed=1.98x    
frame=  446 fps= 60 q=24.0 size=     512KiB time=00:00:14.80 bitrate= 283.4kbits/s speed=   2x    
frame=  476 fps= 60 q=24.0 size=     512KiB time=00:00:15.80 bitrate= 265.5kbits/s speed=   2x    
frame=  506 fps= 60 q=24.0 size=     768KiB time=00:00:16.80 bitrate= 374.5kbits/s speed=1.99x    
frame=  541 fps= 60 q=24.0 size=     768KiB time=00:00:17.96 bitrate= 350.2kbits/s speed=   2x    
frame=  578 fps= 61 q=24.0 size=     768KiB time=00:00:19.20 bitrate= 327.7kbits/s speed=2.02x    
frame=  621 fps= 62 q=24.0 size=     768KiB time=00:00:20.63 bitrate= 304.9kbits/s speed=2.06x    
frame=  658 fps= 62 q=24.0 size=     768KiB time=00:00:21.86 bitrate= 287.7kbits/s speed=2.07x    
frame=  699 fps= 63 q=24.0 size=     768KiB time=00:00:23.23 bitrate= 270.8kbits/s speed=2.09x    
frame=  734 fps= 63 q=24.0 size=     768KiB time=00:00:24.36 bitrate= 258.2kbits/s speed= 2.1x    
frame=  766 fps= 63 q=24.0 size=    1024KiB time=00:00:25.46 bitrate= 329.4kbits/s speed=2.09x    
frame=  807 fps= 64 q=24.0 size=    1024KiB time=00:00:26.83 bitrate= 312.6kbits/s speed=2.11x    
frame=  835 fps= 63 q=24.0 size=    1024KiB time=00:00:27.76 bitrate= 302.1kbits/s speed= 2.1x    
frame=  876 fps= 64 q=24.0 size=    1024KiB time=00:00:29.13 bitrate= 288.0kbits/s speed=2.12x    
frame=  923 fps= 65 q=24.0 size=    1024KiB time=00:00:30.70 bitrate= 273.3kbits/s speed=2.15x    
frame=  967 fps= 65 q=24.0 size=    1024KiB time=00:00:32.16 bitrate= 260.8kbits/s speed=2.17x    
frame= 1000 fps= 65 q=24.0 size=    1024KiB time=00:00:33.26 bitrate= 252.2kbits/s speed=2.17x    
frame= 1038 fps= 65 q=24.0 size=    1536KiB time=00:00:34.53 bitrate= 364.4kbits/s speed=2.18x    
frame= 1085 fps= 66 q=24.0 size=    1536KiB time=00:00:36.10 bitrate= 348.6kbits/s speed= 2.2x    
frame= 1129 fps= 67 q=24.0 size=    1536KiB time=00:00:37.56 bitrate= 335.0kbits/s speed=2.22x    
frame= 1163 fps= 67 q=24.0 size=    1536KiB time=00:00:38.70 bitrate= 325.1kbits/s speed=2.22x    
frame= 1202 fps= 67 q=24.0 size=    1536KiB time=00:00:40.00 bitrate= 314.6kbits/s speed=2.22x    
frame= 1243 fps= 67 q=21.0 size=    1536KiB time=00:00:41.36 bitrate= 304.2kbits/s speed=2.23x    
frame= 1279 fps= 67 q=24.0 size=    1792KiB time=00:00:42.56 bitrate= 344.9kbits/s speed=2.23x    
frame= 1319 fps= 67 q=24.0 size=    1792KiB time=00:00:43.90 bitrate= 334.4kbits/s speed=2.24x    
frame= 1364 fps= 68 q=24.0 size=    1792KiB time=00:00:45.40 bitrate= 323.4kbits/s speed=2.26x    
frame= 1412 fps= 69 q=24.0 size=    1792KiB time=00:00:47.00 bitrate= 312.3kbits/s speed=2.28x    
frame= 1453 fps= 69 q=24.0 size=    1792KiB time=00:00:48.36 bitrate= 303.5kbits/s speed=2.29x    
frame= 1500 fps= 69 q=24.0 size=    1792KiB time=00:00:49.93 bitrate= 294.0kbits/s speed=2.31x    
[out#0/mp4 @ 00000231ded204c0] video:2199KiB audio:0KiB subtitle:0KiB other streams:0KiB global headers:0KiB muxing overhead: 0.851262%
frame= 1526 fps= 70 q=-1.0 Lsize=    2218KiB time=00:00:50.80 bitrate= 357.6kbits/s speed=2.33x    
[libx264 @ 00000231de8d1000] frame I:7     Avg QP: 7.93  size:288533
[libx264 @ 00000231de8d1000] frame P:385   Avg QP:12.01  size:   325
[libx264 @ 00000231de8d1000] frame B:1134  Avg QP:14.37  size:    94
[libx264 @ 00000231de8d1000] consecutive B-frames:  0.9%  0.0%  0.0% 99.1%
[libx264 @ 00000231de8d1000] mb I  I16..4: 23.3% 57.1% 19.7%
[libx264 @ 00000231de8d1000] mb P  I16..4:  0.0%  0.0%  0.0%  P16..4:  0.9%  0.0%  0.0%  0.0%  0.0%    skip:99.1%
[libx264 @ 00000231de8d1000] mb B  I16..4:  0.0%  0.0%  0.0%  B16..8:  0.3%  0.0%  0.0%  direct: 0.0%  skip:99.7%  L0:67.6% L1:32.4% BI: 0.0%
[libx264 @ 00000231de8d1000] 8x8 transform intra:56.1% inter:91.6%
[libx264 @ 00000231de8d1000] coded y,uvDC,uvAC intra: 72.3% 75.9% 74.5% inter: 0.1% 0.0% 0.0%
[libx264 @ 00000231de8d1000] i16 v,h,dc,p: 22% 33% 36%  9%
[libx264 @ 00000231de8d1000] i8 v,h,dc,ddl,ddr,vr,hd,vl,hu: 12% 38% 39%  3%  2%  1%  2%  1%  3%
[libx264 @ 00000231de8d1000] i4 v,h,dc,ddl,ddr,vr,hd,vl,hu: 30% 30% 17%  5%  4%  3%  4%  3%  4%
[libx264 @ 00000231de8d1000] i8c dc,h,v,p: 66% 21%  8%  5%
[libx264 @ 00000231de8d1000] Weighted P-Frames: Y:0.0% UV:0.0%
[libx264 @ 00000231de8d1000] ref P L0: 98.3%  0.0%  1.4%  0.3%
[libx264 @ 00000231de8d1000] ref B L0:  3.0% 96.9%  0.0%
[libx264 @ 00000231de8d1000] ref B L1: 92.7%  7.3%
[libx264 @ 00000231de8d1000] kb/s:354.03
ffmpeg version 7.1-essentials_build-www.gyan.dev Copyright (c) 2000-2024 the FFmpeg developers
  built with gcc 14.2.0 (Rev1, Built by MSYS2 project)
  configuration: --enable-gpl --enable-version3 --enable-static --disable-w32threads --disable-autodetect --enable-fontconfig --enable-iconv --enable-gnutls --enable-libxml2 --enable-gmp --enable-bzlib --enable-lzma --enable-zlib --enable-libsrt --enable-libssh --enable-libzmq --enable-avisynth --enable-sdl2 --enable-libwebp --enable-libx264 --enable-libx265 --enable-libxvid --enable-libaom --enable-libopenjpeg --enable-libvpx --enable-mediafoundation --enable-libass --enable-libfreetype --enable-libfribidi --enable-libharfbuzz --enable-libvidstab --enable-libvmaf --enable-libzimg --enable-amf --enable-cuda-llvm --enable-cuvid --enable-dxva2 --enable-d3d11va --enable-d3d12va --enable-ffnvcodec --enable-libvpl --enable-nvdec --enable-nvenc --enable-vaapi --enable-libgme --enable-libopenmpt --enable-libopencore-amrwb --enable-libmp3lame --enable-libtheora --enable-libvo-amrwbenc --enable-libgsm --enable-libopencore-amrnb --enable-libopus --enable-libspeex --enable-libvorbis --enable-librubberband
  libavutil      59. 39.100 / 59. 39.100
  libavcodec     61. 19.100 / 61. 19.100
  libavformat    61.  7.100 / 61.  7.100
  libavdevice    61.  3.100 / 61.  3.100
  libavfilter    10.  4.100 / 10.  4.100
  libswscale      8.  3.100 /  8.  3.100
  libswresample   5.  3.100 /  5.  3.100
  libpostproc    58.  3.100 / 58.  3.100
Input #0, png_pipe, from 'C:\Codex\260829_youtube-anshin\episodes\010_myna_app_registration\assets\scenes\scene_020.png':
  Duration: N/A, bitrate: N/A
  Stream #0:0: Video: png, rgb24(pc, gbr/unknown/unknown), 1920x1080, 25 fps, 25 tbr, 25 tbn
Stream mapping:
  Stream #0:0 -> #0:0 (png (native) -> h264 (libx264))
Press [q] to stop, [?] for help
[libx264 @ 000001fd20f206c0] using cpu capabilities: MMX2 SSE2Fast SSSE3 SSE4.2 AVX FMA3 BMI2 AVX2
[libx264 @ 000001fd20f206c0] profile High, level 4.0, 4:2:0, 8-bit
[libx264 @ 000001fd20f206c0] 264 - core 164 r3192 c24e06c - H.264/MPEG-4 AVC codec - Copyleft 2003-2024 - http://www.videolan.org/x264.html - options: cabac=1 ref=3 deblock=1:0:0 analyse=0x3:0x113 me=hex subme=7 psy=1 psy_rd=1.00:0.00 mixed_ref=1 me_range=16 chroma_me=1 trellis=1 8x8dct=1 cqm=0 deadzone=21,11 fast_pskip=1 chroma_qp_offset=-2 threads=9 lookahead_threads=1 sliced_threads=0 nr=0 decimate=1 interlaced=0 bluray_compat=0 constrained_intra=0 bframes=3 b_pyramid=2 b_adapt=1 b_bias=0 direct=1 weightb=1 open_gop=0 weightp=2 keyint=250 keyint_min=25 scenecut=40 intra_refresh=0 rc_lookahead=40 rc=crf mbtree=1 crf=18.0 qcomp=0.60 qpmin=0 qpmax=69 qpstep=4 ip_ratio=1.40 aq=1:1.00
Output #0, mp4, to 'C:\Codex\260829_youtube-anshin\episodes\010_myna_app_registration\work\draft_v2_build\video_clips\scene_020.mp4':
  Metadata:
    encoder         : Lavf61.7.100
  Stream #0:0: Video: h264 (avc1 / 0x31637661), yuv420p(tv, progressive), 1920x1080, q=2-31, 30 fps, 15360 tbn
      Metadata:
        encoder         : Lavc61.19.100 libx264
      Side data:
        cpb: bitrate max/min/avg: 0/0/0 buffer size: 0 vbv_delay: N/A
frame=    0 fps=0.0 q=0.0 size=       0KiB time=N/A bitrate=N/A speed=N/A    
frame=    9 fps=8.7 q=24.0 size=     256KiB time=00:00:00.23 bitrate=8989.5kbits/s speed=0.225x    
frame=   29 fps= 19 q=24.0 size=     256KiB time=00:00:00.90 bitrate=2330.6kbits/s speed=0.577x    
frame=   50 fps= 24 q=24.0 size=     512KiB time=00:00:01.60 bitrate=2621.7kbits/s speed=0.772x    
frame=   73 fps= 28 q=24.0 size=     768KiB time=00:00:02.36 bitrate=2658.5kbits/s speed=0.909x    
frame=   89 fps= 28 q=24.0 size=    1024KiB time=00:00:02.90 bitrate=2892.8kbits/s speed=0.927x    
frame=  103 fps= 28 q=24.0 size=    1280KiB time=00:00:03.36 bitrate=3114.7kbits/s speed=0.927x    
frame=  121 fps= 29 q=24.0 size=    1280KiB time=00:00:03.96 bitrate=2643.6kbits/s speed=0.953x    
frame=  141 fps= 30 q=24.0 size=    1536KiB time=00:00:04.63 bitrate=2715.8kbits/s speed=0.988x    
[out#0/mp4 @ 000001fd20f26b80] video:1842KiB audio:0KiB subtitle:0KiB other streams:0KiB global headers:0KiB muxing overhead: 0.150392%
frame=  164 fps= 32 q=-1.0 Lsize=    1844KiB time=00:00:05.40 bitrate=2797.9kbits/s speed=1.05x    
[libx264 @ 000001fd20f206c0] frame I:1     Avg QP:13.93  size:192893
[libx264 @ 000001fd20f206c0] frame P:41    Avg QP:14.45  size: 32004
[libx264 @ 000001fd20f206c0] frame B:122   Avg QP:18.51  size:  3114
[libx264 @ 000001fd20f206c0] consecutive B-frames:  0.6%  0.0%  1.8% 97.6%
[libx264 @ 000001fd20f206c0] mb I  I16..4:  5.7% 69.1% 25.2%
[libx264 @ 000001fd20f206c0] mb P  I16..4:  0.2%  0.2%  0.0%  P16..4: 44.7% 18.8% 11.9%  0.0%  0.0%    skip:24.2%
[libx264 @ 000001fd20f206c0] mb B  I16..4:  0.0%  0.0%  0.0%  B16..8: 31.6%  0.5%  0.0%  direct: 0.1%  skip:67.8%  L0:46.9% L1:51.1% BI: 2.0%
[libx264 @ 000001fd20f206c0] 8x8 transform intra:65.4% inter:81.7%
[libx264 @ 000001fd20f206c0] coded y,uvDC,uvAC intra: 79.6% 71.7% 57.2% inter: 9.0% 7.9% 2.2%
[libx264 @ 000001fd20f206c0] i16 v,h,dc,p: 56% 29%  7%  8%
[libx264 @ 000001fd20f206c0] i8 v,h,dc,ddl,ddr,vr,hd,vl,hu: 22% 27% 24%  4%  4%  4%  5%  4%  6%
[libx264 @ 000001fd20f206c0] i4 v,h,dc,ddl,ddr,vr,hd,vl,hu: 27% 27%  9%  5%  8%  6%  8%  4%  5%
[libx264 @ 000001fd20f206c0] i8c dc,h,v,p: 47% 26% 21%  6%
[libx264 @ 000001fd20f206c0] Weighted P-Frames: Y:0.0% UV:0.0%
[libx264 @ 000001fd20f206c0] ref P L0: 52.6%  3.1% 19.1% 25.2%
[libx264 @ 000001fd20f206c0] ref B L0: 88.9%  6.5%  4.6%
[libx264 @ 000001fd20f206c0] ref B L1: 95.4%  4.6%
[libx264 @ 000001fd20f206c0] kb/s:2758.60
ffmpeg version 7.1-essentials_build-www.gyan.dev Copyright (c) 2000-2024 the FFmpeg developers
  built with gcc 14.2.0 (Rev1, Built by MSYS2 project)
  configuration: --enable-gpl --enable-version3 --enable-static --disable-w32threads --disable-autodetect --enable-fontconfig --enable-iconv --enable-gnutls --enable-libxml2 --enable-gmp --enable-bzlib --enable-lzma --enable-zlib --enable-libsrt --enable-libssh --enable-libzmq --enable-avisynth --enable-sdl2 --enable-libwebp --enable-libx264 --enable-libx265 --enable-libxvid --enable-libaom --enable-libopenjpeg --enable-libvpx --enable-mediafoundation --enable-libass --enable-libfreetype --enable-libfribidi --enable-libharfbuzz --enable-libvidstab --enable-libvmaf --enable-libzimg --enable-amf --enable-cuda-llvm --enable-cuvid --enable-dxva2 --enable-d3d11va --enable-d3d12va --enable-ffnvcodec --enable-libvpl --enable-nvdec --enable-nvenc --enable-vaapi --enable-libgme --enable-libopenmpt --enable-libopencore-amrwb --enable-libmp3lame --enable-libtheora --enable-libvo-amrwbenc --enable-libgsm --enable-libopencore-amrnb --enable-libopus --enable-libspeex --enable-libvorbis --enable-librubberband
  libavutil      59. 39.100 / 59. 39.100
  libavcodec     61. 19.100 / 61. 19.100
  libavformat    61.  7.100 / 61.  7.100
  libavdevice    61.  3.100 / 61.  3.100
  libavfilter    10.  4.100 / 10.  4.100
  libswscale      8.  3.100 /  8.  3.100
  libswresample   5.  3.100 /  5.  3.100
  libpostproc    58.  3.100 / 58.  3.100
Input #0, png_pipe, from 'C:\Codex\260829_youtube-anshin\episodes\010_myna_app_registration\work\cta_registration_conversion_v1.png':
  Duration: N/A, bitrate: N/A
  Stream #0:0: Video: png, rgb24(pc, gbr/unknown/unknown), 1920x1080, 25 fps, 25 tbr, 25 tbn
Stream mapping:
  Stream #0:0 -> #0:0 (png (native) -> h264 (libx264))
Press [q] to stop, [?] for help
[libx264 @ 000002c75d889300] using cpu capabilities: MMX2 SSE2Fast SSSE3 SSE4.2 AVX FMA3 BMI2 AVX2
[libx264 @ 000002c75d889300] profile High, level 4.0, 4:2:0, 8-bit
[libx264 @ 000002c75d889300] 264 - core 164 r3192 c24e06c - H.264/MPEG-4 AVC codec - Copyleft 2003-2024 - http://www.videolan.org/x264.html - options: cabac=1 ref=3 deblock=1:0:0 analyse=0x3:0x113 me=hex subme=7 psy=1 psy_rd=1.00:0.00 mixed_ref=1 me_range=16 chroma_me=1 trellis=1 8x8dct=1 cqm=0 deadzone=21,11 fast_pskip=1 chroma_qp_offset=-2 threads=9 lookahead_threads=1 sliced_threads=0 nr=0 decimate=1 interlaced=0 bluray_compat=0 constrained_intra=0 bframes=3 b_pyramid=2 b_adapt=1 b_bias=0 direct=1 weightb=1 open_gop=0 weightp=2 keyint=250 keyint_min=25 scenecut=40 intra_refresh=0 rc_lookahead=40 rc=crf mbtree=1 crf=18.0 qcomp=0.60 qpmin=0 qpmax=69 qpstep=4 ip_ratio=1.40 aq=1:1.00
Output #0, mp4, to 'C:\Codex\260829_youtube-anshin\episodes\010_myna_app_registration\work\draft_v2_build\video_clips\postroll_cta.mp4':
  Metadata:
    encoder         : Lavf61.7.100
  Stream #0:0: Video: h264 (avc1 / 0x31637661), yuv420p(tv, progressive), 1920x1080, q=2-31, 30 fps, 15360 tbn
      Metadata:
        encoder         : Lavc61.19.100 libx264
      Side data:
        cpb: bitrate max/min/avg: 0/0/0 buffer size: 0 vbv_delay: N/A
frame=    0 fps=0.0 q=0.0 size=       0KiB time=N/A bitrate=N/A speed=N/A    
frame=   37 fps= 36 q=24.0 size=       0KiB time=00:00:01.16 bitrate=   0.3kbits/s speed=1.14x    
frame=   93 fps= 60 q=24.0 size=       0KiB time=00:00:03.03 bitrate=   0.1kbits/s speed=1.97x    
frame=  145 fps= 71 q=24.0 size=       0KiB time=00:00:04.76 bitrate=   0.1kbits/s speed=2.32x    
frame=  193 fps= 75 q=24.0 size=       0KiB time=00:00:06.36 bitrate=   0.1kbits/s speed=2.47x    
frame=  242 fps= 78 q=24.0 size=       0KiB time=00:00:08.00 bitrate=   0.0kbits/s speed=2.58x    
frame=  283 fps= 78 q=24.0 size=       0KiB time=00:00:09.36 bitrate=   0.0kbits/s speed=2.59x    
frame=  335 fps= 81 q=24.0 size=       0KiB time=00:00:11.10 bitrate=   0.0kbits/s speed=2.68x    
frame=  387 fps= 83 q=24.0 size=       0KiB time=00:00:12.83 bitrate=   0.0kbits/s speed=2.76x    
[out#0/mp4 @ 000002c75d934e80] video:101KiB audio:0KiB subtitle:0KiB other streams:0KiB global headers:0KiB muxing overhead: 6.018340%
frame=  450 fps= 92 q=-1.0 Lsize=     107KiB time=00:00:14.93 bitrate=  59.0kbits/s speed=3.07x    
[libx264 @ 000002c75d889300] frame I:2     Avg QP: 8.31  size: 33022
[libx264 @ 000002c75d889300] frame P:113   Avg QP:20.88  size:   113
[libx264 @ 000002c75d889300] frame B:335   Avg QP:24.56  size:    72
[libx264 @ 000002c75d889300] consecutive B-frames:  0.7%  0.0%  0.7% 98.7%
[libx264 @ 000002c75d889300] mb I  I16..4: 65.1% 28.7%  6.1%
[libx264 @ 000002c75d889300] mb P  I16..4:  0.3%  0.0%  0.0%  P16..4:  0.1%  0.0%  0.0%  0.0%  0.0%    skip:99.6%
[libx264 @ 000002c75d889300] mb B  I16..4:  0.0%  0.0%  0.0%  B16..8:  0.0%  0.0%  0.0%  direct: 0.0%  skip:99.9%  L0:44.2% L1:55.8% BI: 0.0%
[libx264 @ 000002c75d889300] 8x8 transform intra:24.2% inter:9.4%
[libx264 @ 000002c75d889300] coded y,uvDC,uvAC intra: 3.2% 5.5% 5.4% inter: 0.0% 0.0% 0.0%
[libx264 @ 000002c75d889300] i16 v,h,dc,p: 72% 28%  0%  0%
[libx264 @ 000002c75d889300] i8 v,h,dc,ddl,ddr,vr,hd,vl,hu: 11% 71% 18%  0%  0%  0%  0%  0%  0%
[libx264 @ 000002c75d889300] i4 v,h,dc,ddl,ddr,vr,hd,vl,hu: 34% 20% 22%  4%  4%  3%  3%  4%  4%
[libx264 @ 000002c75d889300] i8c dc,h,v,p: 73% 22%  5%  0%
[libx264 @ 000002c75d889300] Weighted P-Frames: Y:0.0% UV:0.0%
[libx264 @ 000002c75d889300] ref P L0: 79.8%  0.2% 15.3%  4.7%
[libx264 @ 000002c75d889300] ref B L0: 33.6% 65.5%  1.0%
[libx264 @ 000002c75d889300] ref B L1: 97.8%  2.2%
[libx264 @ 000002c75d889300] kb/s:55.00
ffmpeg version 7.1-essentials_build-www.gyan.dev Copyright (c) 2000-2024 the FFmpeg developers
  built with gcc 14.2.0 (Rev1, Built by MSYS2 project)
  configuration: --enable-gpl --enable-version3 --enable-static --disable-w32threads --disable-autodetect --enable-fontconfig --enable-iconv --enable-gnutls --enable-libxml2 --enable-gmp --enable-bzlib --enable-lzma --enable-zlib --enable-libsrt --enable-libssh --enable-libzmq --enable-avisynth --enable-sdl2 --enable-libwebp --enable-libx264 --enable-libx265 --enable-libxvid --enable-libaom --enable-libopenjpeg --enable-libvpx --enable-mediafoundation --enable-libass --enable-libfreetype --enable-libfribidi --enable-libharfbuzz --enable-libvidstab --enable-libvmaf --enable-libzimg --enable-amf --enable-cuda-llvm --enable-cuvid --enable-dxva2 --enable-d3d11va --enable-d3d12va --enable-ffnvcodec --enable-libvpl --enable-nvdec --enable-nvenc --enable-vaapi --enable-libgme --enable-libopenmpt --enable-libopencore-amrwb --enable-libmp3lame --enable-libtheora --enable-libvo-amrwbenc --enable-libgsm --enable-libopencore-amrnb --enable-libopus --enable-libspeex --enable-libvorbis --enable-librubberband
  libavutil      59. 39.100 / 59. 39.100
  libavcodec     61. 19.100 / 61. 19.100
  libavformat    61.  7.100 / 61.  7.100
  libavdevice    61.  3.100 / 61.  3.100
  libavfilter    10.  4.100 / 10.  4.100
  libswscale      8.  3.100 /  8.  3.100
  libswresample   5.  3.100 /  5.  3.100
  libpostproc    58.  3.100 / 58.  3.100
[mov,mp4,m4a,3gp,3g2,mj2 @ 000001bb826a27c0] Auto-inserting h264_mp4toannexb bitstream filter
Input #0, concat, from 'C:\Codex\260829_youtube-anshin\episodes\010_myna_app_registration\work\draft_v2_build\video_clips\concat.txt':
  Duration: N/A, start: 0.000000, bitrate: 614 kb/s
  Stream #0:0(und): Video: h264 (High) (avc1 / 0x31637661), yuv420p(progressive), 1920x1080, 614 kb/s, 30 fps, 30 tbr, 15360 tbn
      Metadata:
        handler_name    : VideoHandler
        vendor_id       : [0][0][0][0]
        encoder         : Lavc61.19.100 libx264
Stream mapping:
  Stream #0:0 -> #0:0 (copy)
Output #0, mp4, to 'C:\Codex\260829_youtube-anshin\episodes\010_myna_app_registration\work\draft_v2_build\visual_phase2.mp4':
  Metadata:
    encoder         : Lavf61.7.100
  Stream #0:0(und): Video: h264 (High) (avc1 / 0x31637661), yuv420p(progressive), 1920x1080, q=2-31, 614 kb/s, 30 fps, 30 tbr, 15360 tbn
      Metadata:
        handler_name    : VideoHandler
        vendor_id       : [0][0][0][0]
        encoder         : Lavc61.19.100 libx264
Press [q] to stop, [?] for help
[mov,mp4,m4a,3gp,3g2,mj2 @ 000001bb82da7240] Auto-inserting h264_mp4toannexb bitstream filter
    Last message repeated 10 times
[mov,mp4,m4a,3gp,3g2,mj2 @ 000001bb82767880] Auto-inserting h264_mp4toannexb bitstream filter
[mov,mp4,m4a,3gp,3g2,mj2 @ 000001bb82767e00] Auto-inserting h264_mp4toannexb bitstream filter
[mov,mp4,m4a,3gp,3g2,mj2 @ 000001bb82768bc0] Auto-inserting h264_mp4toannexb bitstream filter
[mov,mp4,m4a,3gp,3g2,mj2 @ 000001bb82767880] Auto-inserting h264_mp4toannexb bitstream filter
[mov,mp4,m4a,3gp,3g2,mj2 @ 000001bb82768900] Auto-inserting h264_mp4toannexb bitstream filter
[mov,mp4,m4a,3gp,3g2,mj2 @ 000001bb82768bc0] Auto-inserting h264_mp4toannexb bitstream filter
[mov,mp4,m4a,3gp,3g2,mj2 @ 000001bb827680c0] Auto-inserting h264_mp4toannexb bitstream filter
[mov,mp4,m4a,3gp,3g2,mj2 @ 000001bb82dabcc0] Auto-inserting h264_mp4toannexb bitstream filter
[mov,mp4,m4a,3gp,3g2,mj2 @ 000001bb82dac500] Auto-inserting h264_mp4toannexb bitstream filter
[out#0/mp4 @ 000001bb826a6900] video:14577KiB audio:0KiB subtitle:0KiB other streams:0KiB global headers:0KiB muxing overhead: 0.532371%
frame= 6586 fps=0.0 q=-1.0 Lsize=   14654KiB time=00:03:39.46 bitrate= 547.0kbits/s speed= 559x    
ffmpeg version 7.1-essentials_build-www.gyan.dev Copyright (c) 2000-2024 the FFmpeg developers
  built with gcc 14.2.0 (Rev1, Built by MSYS2 project)
  configuration: --enable-gpl --enable-version3 --enable-static --disable-w32threads --disable-autodetect --enable-fontconfig --enable-iconv --enable-gnutls --enable-libxml2 --enable-gmp --enable-bzlib --enable-lzma --enable-zlib --enable-libsrt --enable-libssh --enable-libzmq --enable-avisynth --enable-sdl2 --enable-libwebp --enable-libx264 --enable-libx265 --enable-libxvid --enable-libaom --enable-libopenjpeg --enable-libvpx --enable-mediafoundation --enable-libass --enable-libfreetype --enable-libfribidi --enable-libharfbuzz --enable-libvidstab --enable-libvmaf --enable-libzimg --enable-amf --enable-cuda-llvm --enable-cuvid --enable-dxva2 --enable-d3d11va --enable-d3d12va --enable-ffnvcodec --enable-libvpl --enable-nvdec --enable-nvenc --enable-vaapi --enable-libgme --enable-libopenmpt --enable-libopencore-amrwb --enable-libmp3lame --enable-libtheora --enable-libvo-amrwbenc --enable-libgsm --enable-libopencore-amrnb --enable-libopus --enable-libspeex --enable-libvorbis --enable-librubberband
  libavutil      59. 39.100 / 59. 39.100
  libavcodec     61. 19.100 / 61. 19.100
  libavformat    61.  7.100 / 61.  7.100
  libavdevice    61.  3.100 / 61.  3.100
  libavfilter    10.  4.100 / 10.  4.100
  libswscale      8.  3.100 /  8.  3.100
  libswresample   5.  3.100 /  5.  3.100
  libpostproc    58.  3.100 / 58.  3.100
Input #0, mov,mp4,m4a,3gp,3g2,mj2, from 'C:\Codex\260829_youtube-anshin\episodes\010_myna_app_registration\work\draft_v2_build\visual_phase2.mp4':
  Metadata:
    major_brand     : isom
    minor_version   : 512
    compatible_brands: isomiso2avc1mp41
    encoder         : Lavf61.7.100
  Duration: 00:03:39.53, start: 0.000000, bitrate: 546 kb/s
  Stream #0:0[0x1](und): Video: h264 (High) (avc1 / 0x31637661), yuv420p(progressive), 1920x1080, 543 kb/s, 30 fps, 30 tbr, 15360 tbn (default)
      Metadata:
        handler_name    : VideoHandler
        vendor_id       : [0][0][0][0]
        encoder         : Lavc61.19.100 libx264
[aist#1:0/pcm_s16le @ 00000132710c6ac0] Guessed Channel Layout: mono
Input #1, wav, from 'C:\Codex\260829_youtube-anshin\episodes\010_myna_app_registration\audio\voicevox_kenzaki\narration_kenzaki_auto.wav':
  Duration: 00:03:24.49, bitrate: 384 kb/s
  Stream #1:0: Audio: pcm_s16le ([1][0][0][0] / 0x0001), 24000 Hz, mono, s16, 384 kb/s
[aist#2:0/pcm_s16le @ 00000132710bcf80] Guessed Channel Layout: mono
Input #2, wav, from 'C:\Codex\260829_youtube-anshin\episodes\010_myna_app_registration\audio\voicevox_kenzaki\cta_registration_conversion_v1.wav':
  Duration: 00:00:11.46, bitrate: 384 kb/s
  Stream #2:0: Audio: pcm_s16le ([1][0][0][0] / 0x0001), 24000 Hz, mono, s16, 384 kb/s
[Parsed_ass_1 @ 000001327135fe40] libass API version: 0x1703000
[Parsed_ass_1 @ 000001327135fe40] libass source: commit: 0.17.3-32-g5298859c298d3c570d8d7e3b883a0d63490659b8
[Parsed_ass_1 @ 000001327135fe40] Shaper: FriBidi 1.0.16 (SIMPLE) HarfBuzz-ng 10.0.1 (COMPLEX)
[Parsed_ass_1 @ 000001327135fe40] Using font provider directwrite (with GDI)
[Parsed_ass_1 @ 000001327135fe40] Added subtitle file: 'C:/Codex/260829_youtube-anshin/episodes/010_myna_app_registration/captions.ass' (2 styles, 44 events)
Stream mapping:
  Stream #1:0 (pcm_s16le) -> concat
  Stream #2:0 (pcm_s16le) -> concat
  Stream #0:0 -> #0:0 (h264 (native) -> h264 (libx264))
  apad:default -> Stream #0:1 (aac)
Press [q] to stop, [?] for help
[Parsed_ass_1 @ 00000132710ea740] libass API version: 0x1703000
[Parsed_ass_1 @ 00000132710ea740] libass source: commit: 0.17.3-32-g5298859c298d3c570d8d7e3b883a0d63490659b8
[Parsed_ass_1 @ 00000132710ea740] Shaper: FriBidi 1.0.16 (SIMPLE) HarfBuzz-ng 10.0.1 (COMPLEX)
[Parsed_ass_1 @ 00000132710ea740] Using font provider directwrite (with GDI)
[Parsed_ass_1 @ 00000132710ea740] Added subtitle file: 'C:/Codex/260829_youtube-anshin/episodes/010_myna_app_registration/captions.ass' (2 styles, 44 events)
[Parsed_ass_1 @ 00000132710ea740] fontselect: (Yu Gothic, 700, 0) -> YuGothic-Bold, 0, YuGothic-Bold
[libx264 @ 0000013271370ac0] using cpu capabilities: MMX2 SSE2Fast SSSE3 SSE4.2 AVX FMA3 BMI2 AVX2
[libx264 @ 0000013271370ac0] profile High, level 4.0, 4:2:0, 8-bit
[libx264 @ 0000013271370ac0] 264 - core 164 r3192 c24e06c - H.264/MPEG-4 AVC codec - Copyleft 2003-2024 - http://www.videolan.org/x264.html - options: cabac=1 ref=3 deblock=1:0:0 analyse=0x3:0x113 me=hex subme=7 psy=1 psy_rd=1.00:0.00 mixed_ref=1 me_range=16 chroma_me=1 trellis=1 8x8dct=1 cqm=0 deadzone=21,11 fast_pskip=1 chroma_qp_offset=-2 threads=9 lookahead_threads=1 sliced_threads=0 nr=0 decimate=1 interlaced=0 bluray_compat=0 constrained_intra=0 bframes=3 b_pyramid=2 b_adapt=1 b_bias=0 direct=1 weightb=1 open_gop=0 weightp=2 keyint=250 keyint_min=25 scenecut=40 intra_refresh=0 rc_lookahead=40 rc=crf mbtree=1 crf=18.0 qcomp=0.60 qpmin=0 qpmax=69 qpstep=4 ip_ratio=1.40 aq=1:1.00
Output #0, mp4, to 'C:\Codex\260829_youtube-anshin\episodes\010_myna_app_registration\output\draft_v2.mp4':
  Metadata:
    major_brand     : isom
    minor_version   : 512
    compatible_brands: isomiso2avc1mp41
    encoder         : Lavf61.7.100
  Stream #0:0(und): Video: h264 (avc1 / 0x31637661), yuv420p(tv, progressive), 1920x1080, q=2-31, 30 fps, 15360 tbn (default)
      Metadata:
        handler_name    : VideoHandler
        vendor_id       : [0][0][0][0]
        encoder         : Lavc61.19.100 libx264
      Side data:
        cpb: bitrate max/min/avg: 0/0/0 buffer size: 0 vbv_delay: N/A
  Stream #0:1: Audio: aac (LC) (mp4a / 0x6134706D), 48000 Hz, mono, fltp, 192 kb/s
      Metadata:
        encoder         : Lavc61.19.100 aac
frame=    0 fps=0.0 q=0.0 size=       0KiB time=N/A bitrate=N/A speed=N/A    
frame=   21 fps= 20 q=24.0 size=     256KiB time=00:00:00.63 bitrate=3311.9kbits/s speed=0.615x    
frame=   73 fps= 47 q=24.0 size=     256KiB time=00:00:02.36 bitrate= 886.3kbits/s speed=1.53x    
frame=  121 fps= 58 q=24.0 size=     256KiB time=00:00:03.96 bitrate= 528.8kbits/s speed=1.91x    
frame=  177 fps= 68 q=24.0 size=     256KiB time=00:00:05.83 bitrate= 359.6kbits/s speed=2.24x    
frame=  241 fps= 77 q=24.0 size=     256KiB time=00:00:07.96 bitrate= 263.3kbits/s speed=2.55x    
frame=  291 fps= 80 q=24.0 size=     768KiB time=00:00:09.63 bitrate= 653.1kbits/s speed=2.65x    
frame=  300 fps= 72 q=24.0 size=     768KiB time=00:00:09.93 bitrate= 633.4kbits/s speed=2.39x    
frame=  300 fps= 64 q=24.0 size=     768KiB time=00:00:09.93 bitrate= 633.4kbits/s speed=2.13x    
frame=  318 fps= 61 q=24.0 size=     768KiB time=00:00:10.53 bitrate= 597.3kbits/s speed=2.03x    
frame=  374 fps= 66 q=24.0 size=    1024KiB time=00:00:12.40 bitrate= 676.5kbits/s speed=2.18x    
frame=  438 fps= 70 q=24.0 size=    1024KiB time=00:00:14.53 bitrate= 577.2kbits/s speed=2.34x    
frame=  489 fps= 73 q=24.0 size=    1280KiB time=00:00:16.23 bitrate= 646.0kbits/s speed=2.41x    
frame=  538 fps= 74 q=24.0 size=    1536KiB time=00:00:17.86 bitrate= 704.3kbits/s speed=2.46x    
frame=  594 fps= 76 q=24.0 size=    1536KiB time=00:00:19.73 bitrate= 637.7kbits/s speed=2.54x    
frame=  650 fps= 78 q=24.0 size=    1536KiB time=00:00:21.60 bitrate= 582.6kbits/s speed= 2.6x    
frame=  706 fps= 80 q=24.0 size=    1536KiB time=00:00:23.46 bitrate= 536.2kbits/s speed=2.66x    
frame=  759 fps= 81 q=24.0 size=    1792KiB time=00:00:25.23 bitrate= 581.8kbits/s speed= 2.7x    
frame=  798 fps= 81 q=24.0 size=    2048KiB time=00:00:26.53 bitrate= 632.3kbits/s speed=2.69x    
frame=  847 fps= 82 q=24.0 size=    2048KiB time=00:00:28.16 bitrate= 595.7kbits/s speed=2.72x    
frame=  891 fps= 82 q=24.0 size=    2304KiB time=00:00:29.63 bitrate= 636.9kbits/s speed=2.72x    
frame=  952 fps= 83 q=24.0 size=    2560KiB time=00:00:31.66 bitrate= 662.3kbits/s speed=2.78x    
frame= 1016 fps= 85 q=24.0 size=    2560KiB time=00:00:33.80 bitrate= 620.5kbits/s speed=2.83x    
frame= 1080 fps= 87 q=24.0 size=    2560KiB time=00:00:35.93 bitrate= 583.6kbits/s speed=2.89x    
frame= 1136 fps= 88 q=24.0 size=    2816KiB time=00:00:37.80 bitrate= 610.3kbits/s speed=2.92x    
frame= 1182 fps= 88 q=24.0 size=    3328KiB time=00:00:39.33 bitrate= 693.1kbits/s speed=2.92x    
frame= 1232 fps= 88 q=24.0 size=    3328KiB time=00:00:41.00 bitrate= 665.0kbits/s speed=2.93x    
frame= 1275 fps= 88 q=24.0 size=    3328KiB time=00:00:42.43 bitrate= 642.5kbits/s speed=2.92x    
frame= 1313 fps= 87 q=24.0 size=    3584KiB time=00:00:43.70 bitrate= 671.9kbits/s speed=2.91x    
frame= 1353 fps= 87 q=24.0 size=    3840KiB time=00:00:45.03 bitrate= 698.5kbits/s speed=2.89x    
frame= 1410 fps= 88 q=24.0 size=    4096KiB time=00:00:46.93 bitrate= 714.9kbits/s speed=2.92x    
frame= 1462 fps= 88 q=24.0 size=    4096KiB time=00:00:48.66 bitrate= 689.5kbits/s speed=2.93x    
frame= 1510 fps= 88 q=21.0 size=    4352KiB time=00:00:50.26 bitrate= 709.3kbits/s speed=2.94x    
frame= 1564 fps= 89 q=24.0 size=    4608KiB time=00:00:52.06 bitrate= 725.0kbits/s speed=2.95x    
frame= 1597 fps= 88 q=24.0 size=    4608KiB time=00:00:53.16 bitrate= 710.0kbits/s speed=2.93x    
frame= 1637 fps= 88 q=24.0 size=    4864KiB time=00:00:54.50 bitrate= 731.1kbits/s speed=2.92x    
frame= 1681 fps= 88 q=24.0 size=    5120KiB time=00:00:55.96 bitrate= 749.4kbits/s speed=2.92x    
frame= 1713 fps= 87 q=24.0 size=    5120KiB time=00:00:57.03 bitrate= 735.4kbits/s speed= 2.9x    
frame= 1756 fps= 87 q=24.0 size=    5376KiB time=00:00:58.46 bitrate= 753.3kbits/s speed=2.89x    
frame= 1820 fps= 88 q=24.0 size=    5632KiB time=00:01:00.60 bitrate= 761.3kbits/s speed=2.93x    
frame= 1879 fps= 88 q=24.0 size=    5888KiB time=00:01:02.56 bitrate= 770.9kbits/s speed=2.95x    
frame= 1931 fps= 89 q=24.0 size=    5888KiB time=00:01:04.30 bitrate= 750.2kbits/s speed=2.96x    
frame= 1978 fps= 89 q=24.0 size=    6144KiB time=00:01:05.86 bitrate= 764.2kbits/s speed=2.96x    
frame= 2019 fps= 89 q=24.0 size=    6400KiB time=00:01:07.23 bitrate= 779.8kbits/s speed=2.95x    
frame= 2059 fps= 88 q=24.0 size=    6656KiB time=00:01:08.56 bitrate= 795.2kbits/s speed=2.94x    
frame= 2133 fps= 90 q=24.0 size=    6912KiB time=00:01:11.03 bitrate= 797.1kbits/s speed=2.98x    
frame= 2214 fps= 91 q=24.0 size=    6912KiB time=00:01:13.73 bitrate= 767.9kbits/s speed=3.03x    
frame= 2298 fps= 92 q=24.0 size=    7168KiB time=00:01:16.53 bitrate= 767.3kbits/s speed=3.08x    
frame= 2365 fps= 93 q=24.0 size=    7168KiB time=00:01:18.76 bitrate= 745.5kbits/s speed=3.11x    
frame= 2425 fps= 94 q=24.0 size=    7424KiB time=00:01:20.76 bitrate= 753.0kbits/s speed=3.12x    
frame= 2473 fps= 94 q=24.0 size=    7424KiB time=00:01:22.36 bitrate= 738.4kbits/s speed=3.12x    
frame= 2538 fps= 94 q=24.0 size=    7424KiB time=00:01:24.53 bitrate= 719.5kbits/s speed=3.14x    
frame= 2595 fps= 95 q=24.0 size=    7680KiB time=00:01:26.43 bitrate= 727.9kbits/s speed=3.15x    
frame= 2667 fps= 95 q=24.0 size=    7680KiB time=00:01:28.83 bitrate= 708.2kbits/s speed=3.18x    
frame= 2742 fps= 96 q=24.0 size=    7936KiB time=00:01:31.33 bitrate= 711.8kbits/s speed=3.21x    
frame= 2798 fps= 97 q=24.0 size=    7936KiB time=00:01:33.20 bitrate= 697.6kbits/s speed=3.21x    
frame= 2855 fps= 97 q=24.0 size=    8192KiB time=00:01:35.10 bitrate= 705.7kbits/s speed=3.22x    
frame= 2919 fps= 97 q=24.0 size=    8192KiB time=00:01:37.23 bitrate= 690.2kbits/s speed=3.24x    
frame= 2983 fps= 98 q=24.0 size=    8192KiB time=00:01:39.36 bitrate= 675.4kbits/s speed=3.25x    
frame= 3035 fps= 98 q=24.0 size=    8192KiB time=00:01:41.10 bitrate= 663.8kbits/s speed=3.26x    
frame= 3093 fps= 98 q=24.0 size=    8448KiB time=00:01:43.03 bitrate= 671.7kbits/s speed=3.26x    
frame= 3143 fps= 98 q=24.0 size=    8960KiB time=00:01:44.70 bitrate= 701.1kbits/s speed=3.26x    
frame= 3184 fps= 98 q=24.0 size=    8960KiB time=00:01:46.06 bitrate= 692.0kbits/s speed=3.25x    
frame= 3231 fps= 97 q=24.0 size=    8960KiB time=00:01:47.63 bitrate= 682.0kbits/s speed=3.25x    
frame= 3272 fps= 97 q=24.0 size=    8960KiB time=00:01:49.00 bitrate= 673.4kbits/s speed=3.24x    
frame= 3318 fps= 97 q=24.0 size=    9216KiB time=00:01:50.53 bitrate= 683.0kbits/s speed=3.24x    
frame= 3363 fps= 97 q=24.0 size=    9472KiB time=00:01:52.03 bitrate= 692.6kbits/s speed=3.23x    
frame= 3415 fps= 97 q=24.0 size=    9728KiB time=00:01:53.76 bitrate= 700.5kbits/s speed=3.23x    
frame= 3479 fps= 97 q=24.0 size=    9984KiB time=00:01:55.90 bitrate= 705.7kbits/s speed=3.25x    
frame= 3552 fps= 98 q=24.0 size=    9984KiB time=00:01:58.33 bitrate= 691.2kbits/s speed=3.27x    
frame= 3636 fps= 99 q=24.0 size=    9984KiB time=00:02:01.13 bitrate= 675.2kbits/s speed=3.29x    
frame= 3681 fps= 99 q=24.0 size=   10240KiB time=00:02:02.60 bitrate= 684.2kbits/s speed=3.29x    
frame= 3731 fps= 99 q=24.0 size=   10496KiB time=00:02:04.30 bitrate= 691.7kbits/s speed=3.29x    
frame= 3771 fps= 98 q=24.0 size=   10752KiB time=00:02:05.63 bitrate= 701.1kbits/s speed=3.28x    
frame= 3816 fps= 98 q=24.0 size=   10752KiB time=00:02:07.13 bitrate= 692.8kbits/s speed=3.27x    
frame= 3879 fps= 99 q=24.0 size=   11008KiB time=00:02:09.23 bitrate= 697.8kbits/s speed=3.28x    
frame= 3943 fps= 99 q=24.0 size=   11008KiB time=00:02:11.36 bitrate= 686.5kbits/s speed= 3.3x    
frame= 3972 fps= 98 q=24.0 size=   11264KiB time=00:02:12.33 bitrate= 697.3kbits/s speed=3.28x    
frame= 3999 fps= 98 q=24.0 size=   11520KiB time=00:02:13.23 bitrate= 708.3kbits/s speed=3.26x    
frame= 4021 fps= 97 q=24.0 size=   12032KiB time=00:02:13.96 bitrate= 735.8kbits/s speed=3.24x    
frame= 4044 fps= 96 q=24.0 size=   12288KiB time=00:02:14.73 bitrate= 747.1kbits/s speed=3.21x    
frame= 4068 fps= 96 q=24.0 size=   12288KiB time=00:02:15.53 bitrate= 742.7kbits/s speed=3.19x    
frame= 4097 fps= 95 q=24.0 size=   12544KiB time=00:02:16.50 bitrate= 752.8kbits/s speed=3.18x    
frame= 4141 fps= 95 q=24.0 size=   12800KiB time=00:02:17.96 bitrate= 760.0kbits/s speed=3.17x    
frame= 4197 fps= 95 q=24.0 size=   13056KiB time=00:02:19.83 bitrate= 764.9kbits/s speed=3.18x    
frame= 4249 fps= 95 q=24.0 size=   13312KiB time=00:02:21.56 bitrate= 770.3kbits/s speed=3.18x    
frame= 4300 fps= 96 q=24.0 size=   13568KiB time=00:02:23.26 bitrate= 775.8kbits/s speed=3.18x    
frame= 4368 fps= 96 q=24.0 size=   13568KiB time=00:02:25.53 bitrate= 763.7kbits/s speed= 3.2x    
frame= 4436 fps= 96 q=24.0 size=   13568KiB time=00:02:27.80 bitrate= 752.0kbits/s speed=3.21x    
frame= 4491 fps= 96 q=24.0 size=   14080KiB time=00:02:29.63 bitrate= 770.8kbits/s speed=3.21x    
frame= 4547 fps= 97 q=24.0 size=   14080KiB time=00:02:31.50 bitrate= 761.3kbits/s speed=3.22x    
frame= 4604 fps= 97 q=24.0 size=   14080KiB time=00:02:33.40 bitrate= 751.9kbits/s speed=3.22x    
frame= 4661 fps= 97 q=24.0 size=   14080KiB time=00:02:35.30 bitrate= 742.7kbits/s speed=3.23x    
frame= 4713 fps= 97 q=24.0 size=   14592KiB time=00:02:37.03 bitrate= 761.2kbits/s speed=3.23x    
frame= 4789 fps= 97 q=24.0 size=   14592KiB time=00:02:39.56 bitrate= 749.1kbits/s speed=3.25x    
frame= 4853 fps= 98 q=24.0 size=   14592KiB time=00:02:41.70 bitrate= 739.3kbits/s speed=3.25x    
frame= 4909 fps= 98 q=24.0 size=   14592KiB time=00:02:43.56 bitrate= 730.8kbits/s speed=3.26x    
frame= 4959 fps= 98 q=24.0 size=   15104KiB time=00:02:45.20 bitrate= 749.0kbits/s speed=3.26x    
frame= 5014 fps= 98 q=24.0 size=   15104KiB time=00:02:47.06 bitrate= 740.6kbits/s speed=3.26x    
frame= 5068 fps= 98 q=24.0 size=   15104KiB time=00:02:48.86 bitrate= 732.7kbits/s speed=3.26x    
frame= 5127 fps= 98 q=24.0 size=   15104KiB time=00:02:50.83 bitrate= 724.3kbits/s speed=3.27x    
frame= 5188 fps= 98 q=24.0 size=   15104KiB time=00:02:52.86 bitrate= 715.8kbits/s speed=3.27x    
frame= 5237 fps= 98 q=24.0 size=   15616KiB time=00:02:54.50 bitrate= 733.1kbits/s speed=3.27x    
frame= 5286 fps= 98 q=24.0 size=   15616KiB time=00:02:56.13 bitrate= 726.3kbits/s speed=3.27x    
frame= 5337 fps= 98 q=24.0 size=   15616KiB time=00:02:57.83 bitrate= 719.4kbits/s speed=3.27x    
frame= 5382 fps= 98 q=24.0 size=   15616KiB time=00:02:59.33 bitrate= 713.3kbits/s speed=3.27x    
frame= 5426 fps= 98 q=24.0 size=   15616KiB time=00:03:00.80 bitrate= 707.6kbits/s speed=3.26x    
frame= 5464 fps= 98 q=24.0 size=   16128KiB time=00:03:02.06 bitrate= 725.7kbits/s speed=3.25x    
frame= 5516 fps= 98 q=24.0 size=   16128KiB time=00:03:03.80 bitrate= 718.8kbits/s speed=3.26x    
frame= 5556 fps= 98 q=24.0 size=   16128KiB time=00:03:05.13 bitrate= 713.7kbits/s speed=3.25x    
frame= 5603 fps= 97 q=24.0 size=   16128KiB time=00:03:06.70 bitrate= 707.7kbits/s speed=3.25x    
frame= 5646 fps= 97 q=24.0 size=   16128KiB time=00:03:08.13 bitrate= 702.3kbits/s speed=3.24x    
frame= 5688 fps= 97 q=24.0 size=   16128KiB time=00:03:09.53 bitrate= 697.1kbits/s speed=3.24x    
frame= 5725 fps= 97 q=24.0 size=   16640KiB time=00:03:10.76 bitrate= 714.6kbits/s speed=3.23x    
frame= 5770 fps= 97 q=24.0 size=   16640KiB time=00:03:12.26 bitrate= 709.0kbits/s speed=3.23x    
frame= 5817 fps= 97 q=24.0 size=   16640KiB time=00:03:13.64 bitrate= 704.0kbits/s speed=3.22x    
frame= 5865 fps= 97 q=24.0 size=   16640KiB time=00:03:15.43 bitrate= 697.5kbits/s speed=3.23x    
frame= 5921 fps= 97 q=24.0 size=   16640KiB time=00:03:17.30 bitrate= 690.9kbits/s speed=3.23x    
frame= 5951 fps= 97 q=24.0 size=   17152KiB time=00:03:18.30 bitrate= 708.6kbits/s speed=3.22x    
frame= 5971 fps= 96 q=24.0 size=   17152KiB time=00:03:18.96 bitrate= 706.2kbits/s speed= 3.2x    
frame= 5995 fps= 96 q=24.0 size=   17408KiB time=00:03:19.76 bitrate= 713.9kbits/s speed=3.19x    
frame= 6015 fps= 95 q=24.0 size=   17664KiB time=00:03:20.43 bitrate= 722.0kbits/s speed=3.17x    
frame= 6027 fps= 95 q=24.0 size=   17664KiB time=00:03:20.83 bitrate= 720.5kbits/s speed=3.15x    
frame= 6047 fps= 94 q=24.0 size=   17920KiB time=00:03:21.50 bitrate= 728.5kbits/s speed=3.14x    
frame= 6071 fps= 94 q=24.0 size=   18176KiB time=00:03:22.30 bitrate= 736.0kbits/s speed=3.12x    
frame= 6099 fps= 93 q=24.0 size=   18432KiB time=00:03:23.23 bitrate= 743.0kbits/s speed=3.11x    
frame= 6126 fps= 93 q=24.0 size=   18688KiB time=00:03:24.13 bitrate= 750.0kbits/s speed= 3.1x    
frame= 6181 fps= 93 q=24.0 size=   18944KiB time=00:03:25.96 bitrate= 753.5kbits/s speed=3.11x    
frame= 6253 fps= 94 q=24.0 size=   18944KiB time=00:03:30.41 bitrate= 737.6kbits/s speed=3.15x    
frame= 6332 fps= 94 q=24.0 size=   18944KiB time=00:03:33.05 bitrate= 728.4kbits/s speed=3.16x    
frame= 6415 fps= 95 q=24.0 size=   19200KiB time=00:03:35.78 bitrate= 728.9kbits/s speed=3.18x    
frame= 6511 fps= 95 q=24.0 size=   19200KiB time=00:03:38.96 bitrate= 718.3kbits/s speed= 3.2x    
[out#0/mp4 @ 00000132710fe900] video:15202KiB audio:4110KiB subtitle:0KiB other streams:0KiB global headers:0KiB muxing overhead: 1.227231%
frame= 6584 fps= 96 q=-1.0 Lsize=   19549KiB time=00:03:39.40 bitrate= 729.9kbits/s speed= 3.2x    
[libx264 @ 0000013271370ac0] frame I:34    Avg QP: 6.39  size:202713
[libx264 @ 0000013271370ac0] frame P:1778  Avg QP:14.23  size:  3890
[libx264 @ 0000013271370ac0] frame B:4772  Avg QP:17.89  size:   368
[libx264 @ 0000013271370ac0] consecutive B-frames:  2.4%  1.7%  3.5% 92.4%
[libx264 @ 0000013271370ac0] mb I  I16..4: 48.6% 34.7% 16.7%
[libx264 @ 0000013271370ac0] mb P  I16..4:  0.8%  0.3%  0.1%  P16..4:  3.6%  1.2%  0.8%  0.0%  0.0%    skip:93.3%
[libx264 @ 0000013271370ac0] mb B  I16..4:  0.1%  0.0%  0.0%  B16..8:  3.0%  0.1%  0.0%  direct: 0.0%  skip:96.8%  L0:53.2% L1:44.3% BI: 2.5%
[libx264 @ 0000013271370ac0] 8x8 transform intra:29.0% inter:60.3%
[libx264 @ 0000013271370ac0] coded y,uvDC,uvAC intra: 33.1% 36.1% 33.4% inter: 0.6% 0.6% 0.2%
[libx264 @ 0000013271370ac0] i16 v,h,dc,p: 55% 38%  6%  1%
[libx264 @ 0000013271370ac0] i8 v,h,dc,ddl,ddr,vr,hd,vl,hu: 15% 20% 52%  3%  2%  1%  2%  2%  4%
[libx264 @ 0000013271370ac0] i4 v,h,dc,ddl,ddr,vr,hd,vl,hu: 30% 29% 17%  5%  4%  3%  4%  4%  4%
[libx264 @ 0000013271370ac0] i8c dc,h,v,p: 58% 28% 11%  2%
[libx264 @ 0000013271370ac0] Weighted P-Frames: Y:0.0% UV:0.0%
[libx264 @ 0000013271370ac0] ref P L0: 65.0%  5.3% 18.1% 11.5%
[libx264 @ 0000013271370ac0] ref B L0: 73.0% 22.9%  4.1%
[libx264 @ 0000013271370ac0] ref B L1: 96.6%  3.4%
[libx264 @ 0000013271370ac0] kb/s:567.41
[aac @ 000001327116dc40] Qavg: 61926.922
{"status": "PASS", "output": "C:\\Codex\\260829_youtube-anshin\\episodes\\010_myna_app_registration\\output\\draft_v2.mp4", "clip_count": 21, "scene_count": 20, "main_duration": 204.486, "postroll_duration": 15.0, "postroll_source": "C:\\Codex\\260829_youtube-anshin\\episodes\\010_myna_app_registration\\work\\cta_registration_conversion_v1.png", "cta_audio": "C:\\Codex\\260829_youtube-anshin\\episodes\\010_myna_app_registration\\audio\\voicevox_kenzaki\\cta_registration_conversion_v1.wav"}
