ffmpeg version 7.1-essentials_build-www.gyan.dev Copyright (c) 2000-2024 the FFmpeg developers
  built with gcc 14.2.0 (Rev1, Built by MSYS2 project)
  configuration: --enable-gpl --enable-version3 --enable-static --disable-w32threads --disable-autodetect --enable-fontconfig --enable-iconv --enable-gnutls --enable-libxml2 --enable-gmp --enable-bzlib --enable-lzma --enable-zlib --enable-libsrt --enable-libssh --enable-libzmq --enable-avisynth --enable-sdl2 --enable-libwebp --enable-libx264 --enable-libx265 --enable-libxvid --enable-libaom --enable-libopenjpeg --enable-libvpx --enable-mediafoundation --enable-libass --enable-libfreetype --enable-libfribidi --enable-libharfbuzz --enable-libvidstab --enable-libvmaf --enable-libzimg --enable-amf --enable-cuda-llvm --enable-cuvid --enable-dxva2 --enable-d3d11va --enable-d3d12va --enable-ffnvcodec --enable-libvpl --enable-nvdec --enable-nvenc --enable-vaapi --enable-libgme --enable-libopenmpt --enable-libopencore-amrwb --enable-libmp3lame --enable-libtheora --enable-libvo-amrwbenc --enable-libgsm --enable-libopencore-amrnb --enable-libopus --enable-libspeex --enable-libvorbis --enable-librubberband
  libavutil      59. 39.100 / 59. 39.100
  libavcodec     61. 19.100 / 61. 19.100
  libavformat    61.  7.100 / 61.  7.100
  libavdevice    61.  3.100 / 61.  3.100
  libavfilter    10.  4.100 / 10.  4.100
  libswscale      8.  3.100 /  8.  3.100
  libswresample   5.  3.100 /  5.  3.100
  libpostproc    58.  3.100 / 58.  3.100
Input #0, png_pipe, from 'C:\Codex\260829_youtube-anshin\episodes\010_myna_app_registration\assets\scenes\scene_001.png':
  Duration: N/A, bitrate: N/A
  Stream #0:0: Video: png, rgb24(pc, gbr/unknown/unknown), 1920x1080, 25 fps, 25 tbr, 25 tbn
Stream mapping:
  Stream #0:0 -> #0:0 (png (native) -> h264 (libx264))
Press [q] to stop, [?] for help
[libx264 @ 0000028f37690a40] using cpu capabilities: MMX2 SSE2Fast SSSE3 SSE4.2 AVX FMA3 BMI2 AVX2
[libx264 @ 0000028f37690a40] profile High, level 4.0, 4:2:0, 8-bit
[libx264 @ 0000028f37690a40] 264 - core 164 r3192 c24e06c - H.264/MPEG-4 AVC codec - Copyleft 2003-2024 - http://www.videolan.org/x264.html - options: cabac=1 ref=3 deblock=1:0:0 analyse=0x3:0x113 me=hex subme=7 psy=1 psy_rd=1.00:0.00 mixed_ref=1 me_range=16 chroma_me=1 trellis=1 8x8dct=1 cqm=0 deadzone=21,11 fast_pskip=1 chroma_qp_offset=-2 threads=9 lookahead_threads=1 sliced_threads=0 nr=0 decimate=1 interlaced=0 bluray_compat=0 constrained_intra=0 bframes=3 b_pyramid=2 b_adapt=1 b_bias=0 direct=1 weightb=1 open_gop=0 weightp=2 keyint=250 keyint_min=25 scenecut=40 intra_refresh=0 rc_lookahead=40 rc=crf mbtree=1 crf=18.0 qcomp=0.60 qpmin=0 qpmax=69 qpstep=4 ip_ratio=1.40 aq=1:1.00
Output #0, mp4, to 'C:\Codex\260829_youtube-anshin\episodes\010_myna_app_registration\work\draft_v1_build\video_clips\scene_001.mp4':
  Metadata:
    encoder         : Lavf61.7.100
  Stream #0:0: Video: h264 (avc1 / 0x31637661), yuv420p(tv, progressive), 1920x1080, q=2-31, 30 fps, 15360 tbn
      Metadata:
        encoder         : Lavc61.19.100 libx264
      Side data:
        cpb: bitrate max/min/avg: 0/0/0 buffer size: 0 vbv_delay: N/A
frame=    0 fps=0.0 q=0.0 size=       0KiB time=N/A bitrate=N/A speed=N/A    
frame=    6 fps=5.3 q=24.0 size=     256KiB time=00:00:00.13 bitrate=15731.6kbits/s speed=0.118x    
frame=   39 fps= 24 q=24.0 size=     256KiB time=00:00:01.23 bitrate=1700.7kbits/s speed=0.747x    
frame=   72 fps= 32 q=24.0 size=     256KiB time=00:00:02.33 bitrate= 898.9kbits/s speed=1.04x    
frame=   95 fps= 34 q=24.0 size=     256KiB time=00:00:03.10 bitrate= 676.6kbits/s speed=1.12x    
frame=  120 fps= 36 q=24.0 size=     256KiB time=00:00:03.90 bitrate= 537.8kbits/s speed=1.19x    
frame=  144 fps= 38 q=24.0 size=     256KiB time=00:00:04.73 bitrate= 443.1kbits/s speed=1.24x    
frame=  169 fps= 38 q=24.0 size=     256KiB time=00:00:05.56 bitrate= 376.8kbits/s speed=1.27x    
frame=  197 fps= 40 q=24.0 size=     256KiB time=00:00:06.50 bitrate= 322.7kbits/s speed=1.31x    
frame=  222 fps= 41 q=24.0 size=     256KiB time=00:00:07.33 bitrate= 286.0kbits/s speed=1.34x    
frame=  238 fps= 40 q=24.0 size=     256KiB time=00:00:07.86 bitrate= 266.6kbits/s speed=1.31x    
frame=  260 fps= 40 q=24.0 size=     768KiB time=00:00:08.60 bitrate= 731.6kbits/s speed=1.32x    
frame=  284 fps= 40 q=24.0 size=     768KiB time=00:00:09.40 bitrate= 669.3kbits/s speed=1.33x    
frame=  328 fps= 43 q=24.0 size=     768KiB time=00:00:10.86 bitrate= 579.0kbits/s speed=1.44x    
[out#0/mp4 @ 0000028f37692c40] video:863KiB audio:0KiB subtitle:0KiB other streams:0KiB global headers:0KiB muxing overhead: 0.565342%
frame=  345 fps= 45 q=-1.0 Lsize=     868KiB time=00:00:11.43 bitrate= 621.8kbits/s speed=1.48x    
[libx264 @ 0000028f37690a40] frame I:2     Avg QP: 7.94  size:383158
[libx264 @ 0000028f37690a40] frame P:87    Avg QP: 9.30  size:  1098
[libx264 @ 0000028f37690a40] frame B:256   Avg QP:15.34  size:    83
[libx264 @ 0000028f37690a40] consecutive B-frames:  0.9%  0.6%  0.0% 98.6%
[libx264 @ 0000028f37690a40] mb I  I16..4: 10.7% 67.0% 22.3%
[libx264 @ 0000028f37690a40] mb P  I16..4:  0.0%  0.0%  0.0%  P16..4:  4.7%  0.0%  0.1%  0.0%  0.0%    skip:95.2%
[libx264 @ 0000028f37690a40] mb B  I16..4:  0.0%  0.0%  0.0%  B16..8:  0.2%  0.0%  0.0%  direct: 0.0%  skip:99.8%  L0: 4.8% L1:95.2% BI: 0.0%
[libx264 @ 0000028f37690a40] 8x8 transform intra:67.1% inter:96.6%
[libx264 @ 0000028f37690a40] coded y,uvDC,uvAC intra: 95.7% 92.3% 90.9% inter: 0.4% 0.1% 0.0%
[libx264 @ 0000028f37690a40] i16 v,h,dc,p: 10% 11% 62% 17%
[libx264 @ 0000028f37690a40] i8 v,h,dc,ddl,ddr,vr,hd,vl,hu: 16% 13% 46%  4%  4%  4%  4%  5%  5%
[libx264 @ 0000028f37690a40] i4 v,h,dc,ddl,ddr,vr,hd,vl,hu: 22% 21% 16%  8%  8%  7%  6%  6%  7%
[libx264 @ 0000028f37690a40] i8c dc,h,v,p: 59% 18% 16%  7%
[libx264 @ 0000028f37690a40] Weighted P-Frames: Y:0.0% UV:0.0%
[libx264 @ 0000028f37690a40] ref P L0: 99.7%  0.0%  0.2%  0.1%
[libx264 @ 0000028f37690a40] ref B L0: 53.6% 46.4%
[libx264 @ 0000028f37690a40] kb/s:614.28
ffmpeg version 7.1-essentials_build-www.gyan.dev Copyright (c) 2000-2024 the FFmpeg developers
  built with gcc 14.2.0 (Rev1, Built by MSYS2 project)
  configuration: --enable-gpl --enable-version3 --enable-static --disable-w32threads --disable-autodetect --enable-fontconfig --enable-iconv --enable-gnutls --enable-libxml2 --enable-gmp --enable-bzlib --enable-lzma --enable-zlib --enable-libsrt --enable-libssh --enable-libzmq --enable-avisynth --enable-sdl2 --enable-libwebp --enable-libx264 --enable-libx265 --enable-libxvid --enable-libaom --enable-libopenjpeg --enable-libvpx --enable-mediafoundation --enable-libass --enable-libfreetype --enable-libfribidi --enable-libharfbuzz --enable-libvidstab --enable-libvmaf --enable-libzimg --enable-amf --enable-cuda-llvm --enable-cuvid --enable-dxva2 --enable-d3d11va --enable-d3d12va --enable-ffnvcodec --enable-libvpl --enable-nvdec --enable-nvenc --enable-vaapi --enable-libgme --enable-libopenmpt --enable-libopencore-amrwb --enable-libmp3lame --enable-libtheora --enable-libvo-amrwbenc --enable-libgsm --enable-libopencore-amrnb --enable-libopus --enable-libspeex --enable-libvorbis --enable-librubberband
  libavutil      59. 39.100 / 59. 39.100
  libavcodec     61. 19.100 / 61. 19.100
  libavformat    61.  7.100 / 61.  7.100
  libavdevice    61.  3.100 / 61.  3.100
  libavfilter    10.  4.100 / 10.  4.100
  libswscale      8.  3.100 /  8.  3.100
  libswresample   5.  3.100 /  5.  3.100
  libpostproc    58.  3.100 / 58.  3.100
Input #0, png_pipe, from 'C:\Codex\260829_youtube-anshin\episodes\010_myna_app_registration\assets\scenes\scene_002.png':
  Duration: N/A, bitrate: N/A
  Stream #0:0: Video: png, rgb24(pc, gbr/unknown/unknown), 1920x1080, 25 fps, 25 tbr, 25 tbn
Stream mapping:
  Stream #0:0 -> #0:0 (png (native) -> h264 (libx264))
Press [q] to stop, [?] for help
[libx264 @ 0000014a577bb400] using cpu capabilities: MMX2 SSE2Fast SSSE3 SSE4.2 AVX FMA3 BMI2 AVX2
[libx264 @ 0000014a577bb400] profile High, level 4.0, 4:2:0, 8-bit
[libx264 @ 0000014a577bb400] 264 - core 164 r3192 c24e06c - H.264/MPEG-4 AVC codec - Copyleft 2003-2024 - http://www.videolan.org/x264.html - options: cabac=1 ref=3 deblock=1:0:0 analyse=0x3:0x113 me=hex subme=7 psy=1 psy_rd=1.00:0.00 mixed_ref=1 me_range=16 chroma_me=1 trellis=1 8x8dct=1 cqm=0 deadzone=21,11 fast_pskip=1 chroma_qp_offset=-2 threads=9 lookahead_threads=1 sliced_threads=0 nr=0 decimate=1 interlaced=0 bluray_compat=0 constrained_intra=0 bframes=3 b_pyramid=2 b_adapt=1 b_bias=0 direct=1 weightb=1 open_gop=0 weightp=2 keyint=250 keyint_min=25 scenecut=40 intra_refresh=0 rc_lookahead=40 rc=crf mbtree=1 crf=18.0 qcomp=0.60 qpmin=0 qpmax=69 qpstep=4 ip_ratio=1.40 aq=1:1.00
Output #0, mp4, to 'C:\Codex\260829_youtube-anshin\episodes\010_myna_app_registration\work\draft_v1_build\video_clips\scene_002.mp4':
  Metadata:
    encoder         : Lavf61.7.100
  Stream #0:0: Video: h264 (avc1 / 0x31637661), yuv420p(tv, progressive), 1920x1080, q=2-31, 30 fps, 15360 tbn
      Metadata:
        encoder         : Lavc61.19.100 libx264
      Side data:
        cpb: bitrate max/min/avg: 0/0/0 buffer size: 0 vbv_delay: N/A
frame=    0 fps=0.0 q=0.0 size=       0KiB time=N/A bitrate=N/A speed=N/A    
frame=    6 fps=5.8 q=24.0 size=       0KiB time=00:00:00.13 bitrate=   2.9kbits/s speed=0.129x    
frame=   45 fps= 29 q=24.0 size=       0KiB time=00:00:01.43 bitrate=   0.3kbits/s speed=0.91x    
frame=   78 fps= 37 q=24.0 size=       0KiB time=00:00:02.53 bitrate=   0.2kbits/s speed=1.21x    
frame=  140 fps= 54 q=-1.0 size=       0KiB time=00:00:04.60 bitrate=   0.1kbits/s speed=1.77x    
[out#0/mp4 @ 0000014a56e36b00] video:171KiB audio:0KiB subtitle:0KiB other streams:0KiB global headers:0KiB muxing overhead: 1.469533%
frame=  144 fps= 55 q=-1.0 Lsize=     174KiB time=00:00:04.73 bitrate= 301.1kbits/s speed= 1.8x    
[libx264 @ 0000014a577bb400] frame I:1     Avg QP: 9.29  size:136795
[libx264 @ 0000014a577bb400] frame P:36    Avg QP: 9.04  size:   763
[libx264 @ 0000014a577bb400] frame B:107   Avg QP:14.38  size:    99
[libx264 @ 0000014a577bb400] consecutive B-frames:  0.7%  0.0%  2.1% 97.2%
[libx264 @ 0000014a577bb400] mb I  I16..4: 33.9% 51.6% 14.5%
[libx264 @ 0000014a577bb400] mb P  I16..4:  0.0%  0.0%  0.0%  P16..4:  2.4%  0.1%  0.1%  0.0%  0.0%    skip:97.4%
[libx264 @ 0000014a577bb400] mb B  I16..4:  0.0%  0.0%  0.0%  B16..8:  0.4%  0.0%  0.0%  direct: 0.0%  skip:99.6%  L0:36.5% L1:63.5% BI: 0.0%
[libx264 @ 0000014a577bb400] 8x8 transform intra:51.1% inter:89.0%
[libx264 @ 0000014a577bb400] coded y,uvDC,uvAC intra: 46.9% 52.6% 49.7% inter: 0.2% 0.1% 0.0%
[libx264 @ 0000014a577bb400] i16 v,h,dc,p: 72% 24%  3%  1%
[libx264 @ 0000014a577bb400] i8 v,h,dc,ddl,ddr,vr,hd,vl,hu: 39% 13% 38%  3%  1%  1%  2%  1%  3%
[libx264 @ 0000014a577bb400] i4 v,h,dc,ddl,ddr,vr,hd,vl,hu: 37% 31% 12%  4%  4%  3%  3%  3%  3%
[libx264 @ 0000014a577bb400] i8c dc,h,v,p: 70% 20%  7%  3%
[libx264 @ 0000014a577bb400] Weighted P-Frames: Y:0.0% UV:0.0%
[libx264 @ 0000014a577bb400] ref P L0: 98.7%  0.0%  1.0%  0.3%
[libx264 @ 0000014a577bb400] ref B L0:  7.3% 92.7%
[libx264 @ 0000014a577bb400] ref B L1: 95.9%  4.1%
[libx264 @ 0000014a577bb400] kb/s:291.46
ffmpeg version 7.1-essentials_build-www.gyan.dev Copyright (c) 2000-2024 the FFmpeg developers
  built with gcc 14.2.0 (Rev1, Built by MSYS2 project)
  configuration: --enable-gpl --enable-version3 --enable-static --disable-w32threads --disable-autodetect --enable-fontconfig --enable-iconv --enable-gnutls --enable-libxml2 --enable-gmp --enable-bzlib --enable-lzma --enable-zlib --enable-libsrt --enable-libssh --enable-libzmq --enable-avisynth --enable-sdl2 --enable-libwebp --enable-libx264 --enable-libx265 --enable-libxvid --enable-libaom --enable-libopenjpeg --enable-libvpx --enable-mediafoundation --enable-libass --enable-libfreetype --enable-libfribidi --enable-libharfbuzz --enable-libvidstab --enable-libvmaf --enable-libzimg --enable-amf --enable-cuda-llvm --enable-cuvid --enable-dxva2 --enable-d3d11va --enable-d3d12va --enable-ffnvcodec --enable-libvpl --enable-nvdec --enable-nvenc --enable-vaapi --enable-libgme --enable-libopenmpt --enable-libopencore-amrwb --enable-libmp3lame --enable-libtheora --enable-libvo-amrwbenc --enable-libgsm --enable-libopencore-amrnb --enable-libopus --enable-libspeex --enable-libvorbis --enable-librubberband
  libavutil      59. 39.100 / 59. 39.100
  libavcodec     61. 19.100 / 61. 19.100
  libavformat    61.  7.100 / 61.  7.100
  libavdevice    61.  3.100 / 61.  3.100
  libavfilter    10.  4.100 / 10.  4.100
  libswscale      8.  3.100 /  8.  3.100
  libswresample   5.  3.100 /  5.  3.100
  libpostproc    58.  3.100 / 58.  3.100
Input #0, png_pipe, from 'C:\Codex\260829_youtube-anshin\episodes\010_myna_app_registration\assets\scenes\scene_003.png':
  Duration: N/A, bitrate: N/A
  Stream #0:0: Video: png, rgb24(pc, gbr/unknown/unknown), 1920x1080, 25 fps, 25 tbr, 25 tbn
Stream mapping:
  Stream #0:0 -> #0:0 (png (native) -> h264 (libx264))
Press [q] to stop, [?] for help
[libx264 @ 000001c99c031000] using cpu capabilities: MMX2 SSE2Fast SSSE3 SSE4.2 AVX FMA3 BMI2 AVX2
[libx264 @ 000001c99c031000] profile High, level 4.0, 4:2:0, 8-bit
[libx264 @ 000001c99c031000] 264 - core 164 r3192 c24e06c - H.264/MPEG-4 AVC codec - Copyleft 2003-2024 - http://www.videolan.org/x264.html - options: cabac=1 ref=3 deblock=1:0:0 analyse=0x3:0x113 me=hex subme=7 psy=1 psy_rd=1.00:0.00 mixed_ref=1 me_range=16 chroma_me=1 trellis=1 8x8dct=1 cqm=0 deadzone=21,11 fast_pskip=1 chroma_qp_offset=-2 threads=9 lookahead_threads=1 sliced_threads=0 nr=0 decimate=1 interlaced=0 bluray_compat=0 constrained_intra=0 bframes=3 b_pyramid=2 b_adapt=1 b_bias=0 direct=1 weightb=1 open_gop=0 weightp=2 keyint=250 keyint_min=25 scenecut=40 intra_refresh=0 rc_lookahead=40 rc=crf mbtree=1 crf=18.0 qcomp=0.60 qpmin=0 qpmax=69 qpstep=4 ip_ratio=1.40 aq=1:1.00
Output #0, mp4, to 'C:\Codex\260829_youtube-anshin\episodes\010_myna_app_registration\work\draft_v1_build\video_clips\scene_003.mp4':
  Metadata:
    encoder         : Lavf61.7.100
  Stream #0:0: Video: h264 (avc1 / 0x31637661), yuv420p(tv, progressive), 1920x1080, q=2-31, 30 fps, 15360 tbn
      Metadata:
        encoder         : Lavc61.19.100 libx264
      Side data:
        cpb: bitrate max/min/avg: 0/0/0 buffer size: 0 vbv_delay: N/A
frame=    0 fps=0.0 q=0.0 size=       0KiB time=N/A bitrate=N/A speed=N/A    
frame=   19 fps= 18 q=24.0 size=       0KiB time=00:00:00.56 bitrate=   0.7kbits/s speed=0.542x    
frame=   57 fps= 36 q=24.0 size=       0KiB time=00:00:01.83 bitrate=   0.2kbits/s speed=1.17x    
frame=   96 fps= 45 q=24.0 size=       0KiB time=00:00:03.13 bitrate=   0.1kbits/s speed=1.48x    
frame=  134 fps= 51 q=24.0 size=       0KiB time=00:00:04.40 bitrate=   0.1kbits/s speed=1.67x    
frame=  176 fps= 55 q=24.0 size=       0KiB time=00:00:05.80 bitrate=   0.1kbits/s speed=1.83x    
frame=  218 fps= 59 q=24.0 size=       0KiB time=00:00:07.20 bitrate=   0.1kbits/s speed=1.95x    
[out#0/mp4 @ 000001c99c4c04c0] video:505KiB audio:0KiB subtitle:0KiB other streams:0KiB global headers:0KiB muxing overhead: 0.794231%
frame=  271 fps= 66 q=-1.0 Lsize=     509KiB time=00:00:08.96 bitrate= 465.1kbits/s speed= 2.2x    
[libx264 @ 000001c99c031000] frame I:2     Avg QP: 7.85  size:216658
[libx264 @ 000001c99c031000] frame P:68    Avg QP: 7.88  size:   935
[libx264 @ 000001c99c031000] frame B:201   Avg QP:14.33  size:    98
[libx264 @ 000001c99c031000] consecutive B-frames:  1.1%  0.0%  0.0% 98.9%
[libx264 @ 000001c99c031000] mb I  I16..4: 15.4% 70.2% 14.4%
[libx264 @ 000001c99c031000] mb P  I16..4:  0.0%  0.0%  0.0%  P16..4:  3.5%  0.1%  0.1%  0.0%  0.0%    skip:96.3%
[libx264 @ 000001c99c031000] mb B  I16..4:  0.0%  0.0%  0.0%  B16..8:  0.4%  0.0%  0.0%  direct: 0.0%  skip:99.6%  L0:52.1% L1:47.9% BI: 0.0%
[libx264 @ 000001c99c031000] 8x8 transform intra:69.4% inter:93.5%
[libx264 @ 000001c99c031000] coded y,uvDC,uvAC intra: 72.6% 75.0% 73.8% inter: 0.3% 0.0% 0.0%
[libx264 @ 000001c99c031000] i16 v,h,dc,p: 61% 17% 16%  6%
[libx264 @ 000001c99c031000] i8 v,h,dc,ddl,ddr,vr,hd,vl,hu: 16% 26% 45%  3%  2%  1%  2%  2%  4%
[libx264 @ 000001c99c031000] i4 v,h,dc,ddl,ddr,vr,hd,vl,hu: 35% 28% 14%  6%  4%  3%  4%  3%  4%
[libx264 @ 000001c99c031000] i8c dc,h,v,p: 74% 14%  8%  5%
[libx264 @ 000001c99c031000] Weighted P-Frames: Y:0.0% UV:0.0%
[libx264 @ 000001c99c031000] ref P L0: 99.5%  0.0%  0.4%  0.1%
[libx264 @ 000001c99c031000] ref B L0:  3.1% 96.9%
[libx264 @ 000001c99c031000] ref B L1: 99.9%  0.1%
[libx264 @ 000001c99c031000] kb/s:457.45
ffmpeg version 7.1-essentials_build-www.gyan.dev Copyright (c) 2000-2024 the FFmpeg developers
  built with gcc 14.2.0 (Rev1, Built by MSYS2 project)
  configuration: --enable-gpl --enable-version3 --enable-static --disable-w32threads --disable-autodetect --enable-fontconfig --enable-iconv --enable-gnutls --enable-libxml2 --enable-gmp --enable-bzlib --enable-lzma --enable-zlib --enable-libsrt --enable-libssh --enable-libzmq --enable-avisynth --enable-sdl2 --enable-libwebp --enable-libx264 --enable-libx265 --enable-libxvid --enable-libaom --enable-libopenjpeg --enable-libvpx --enable-mediafoundation --enable-libass --enable-libfreetype --enable-libfribidi --enable-libharfbuzz --enable-libvidstab --enable-libvmaf --enable-libzimg --enable-amf --enable-cuda-llvm --enable-cuvid --enable-dxva2 --enable-d3d11va --enable-d3d12va --enable-ffnvcodec --enable-libvpl --enable-nvdec --enable-nvenc --enable-vaapi --enable-libgme --enable-libopenmpt --enable-libopencore-amrwb --enable-libmp3lame --enable-libtheora --enable-libvo-amrwbenc --enable-libgsm --enable-libopencore-amrnb --enable-libopus --enable-libspeex --enable-libvorbis --enable-librubberband
  libavutil      59. 39.100 / 59. 39.100
  libavcodec     61. 19.100 / 61. 19.100
  libavformat    61.  7.100 / 61.  7.100
  libavdevice    61.  3.100 / 61.  3.100
  libavfilter    10.  4.100 / 10.  4.100
  libswscale      8.  3.100 /  8.  3.100
  libswresample   5.  3.100 /  5.  3.100
  libpostproc    58.  3.100 / 58.  3.100
Input #0, png_pipe, from 'C:\Codex\260829_youtube-anshin\episodes\010_myna_app_registration\assets\scenes\scene_004.png':
  Duration: N/A, bitrate: N/A
  Stream #0:0: Video: png, rgb24(pc, gbr/unknown/unknown), 1920x1080, 25 fps, 25 tbr, 25 tbn
Stream mapping:
  Stream #0:0 -> #0:0 (png (native) -> h264 (libx264))
Press [q] to stop, [?] for help
[libx264 @ 00000190845b1000] using cpu capabilities: MMX2 SSE2Fast SSSE3 SSE4.2 AVX FMA3 BMI2 AVX2
[libx264 @ 00000190845b1000] profile High, level 4.0, 4:2:0, 8-bit
[libx264 @ 00000190845b1000] 264 - core 164 r3192 c24e06c - H.264/MPEG-4 AVC codec - Copyleft 2003-2024 - http://www.videolan.org/x264.html - options: cabac=1 ref=3 deblock=1:0:0 analyse=0x3:0x113 me=hex subme=7 psy=1 psy_rd=1.00:0.00 mixed_ref=1 me_range=16 chroma_me=1 trellis=1 8x8dct=1 cqm=0 deadzone=21,11 fast_pskip=1 chroma_qp_offset=-2 threads=9 lookahead_threads=1 sliced_threads=0 nr=0 decimate=1 interlaced=0 bluray_compat=0 constrained_intra=0 bframes=3 b_pyramid=2 b_adapt=1 b_bias=0 direct=1 weightb=1 open_gop=0 weightp=2 keyint=250 keyint_min=25 scenecut=40 intra_refresh=0 rc_lookahead=40 rc=crf mbtree=1 crf=18.0 qcomp=0.60 qpmin=0 qpmax=69 qpstep=4 ip_ratio=1.40 aq=1:1.00
Output #0, mp4, to 'C:\Codex\260829_youtube-anshin\episodes\010_myna_app_registration\work\draft_v1_build\video_clips\scene_004.mp4':
  Metadata:
    encoder         : Lavf61.7.100
  Stream #0:0: Video: h264 (avc1 / 0x31637661), yuv420p(tv, progressive), 1920x1080, q=2-31, 30 fps, 15360 tbn
      Metadata:
        encoder         : Lavc61.19.100 libx264
      Side data:
        cpb: bitrate max/min/avg: 0/0/0 buffer size: 0 vbv_delay: N/A
frame=    0 fps=0.0 q=0.0 size=       0KiB time=N/A bitrate=N/A speed=N/A    
frame=   29 fps= 26 q=24.0 size=       0KiB time=00:00:00.90 bitrate=   0.4kbits/s speed= 0.8x    
[out#0/mp4 @ 00000190849e04c0] video:211KiB audio:0KiB subtitle:0KiB other streams:0KiB global headers:0KiB muxing overhead: 0.923941%
frame=   95 fps= 60 q=-1.0 Lsize=     213KiB time=00:00:03.10 bitrate= 563.8kbits/s speed=1.95x    
[libx264 @ 00000190845b1000] frame I:1     Avg QP: 7.37  size:177425
[libx264 @ 00000190845b1000] frame P:24    Avg QP: 8.30  size:  1198
[libx264 @ 00000190845b1000] frame B:70    Avg QP:14.54  size:   137
[libx264 @ 00000190845b1000] consecutive B-frames:  1.1%  2.1%  0.0% 96.8%
[libx264 @ 00000190845b1000] mb I  I16..4: 22.9% 64.6% 12.4%
[libx264 @ 00000190845b1000] mb P  I16..4:  0.0%  0.0%  0.0%  P16..4:  3.6%  0.2%  0.3%  0.0%  0.0%    skip:95.9%
[libx264 @ 00000190845b1000] mb B  I16..4:  0.0%  0.0%  0.0%  B16..8:  1.1%  0.0%  0.0%  direct: 0.0%  skip:98.9%  L0:32.5% L1:67.5% BI: 0.0%
[libx264 @ 00000190845b1000] 8x8 transform intra:64.4% inter:82.7%
[libx264 @ 00000190845b1000] coded y,uvDC,uvAC intra: 72.7% 74.4% 73.1% inter: 0.3% 0.1% 0.0%
[libx264 @ 00000190845b1000] i16 v,h,dc,p: 75% 11% 10%  5%
[libx264 @ 00000190845b1000] i8 v,h,dc,ddl,ddr,vr,hd,vl,hu: 18% 17% 51%  4%  2%  1%  2%  2%  4%
[libx264 @ 00000190845b1000] i4 v,h,dc,ddl,ddr,vr,hd,vl,hu: 37% 25% 16%  5%  4%  3%  3%  3%  3%
[libx264 @ 00000190845b1000] i8c dc,h,v,p: 75% 14%  7%  4%
[libx264 @ 00000190845b1000] Weighted P-Frames: Y:0.0% UV:0.0%
[libx264 @ 00000190845b1000] ref P L0: 97.4%  0.0%  2.4%  0.2%
[libx264 @ 00000190845b1000] ref B L0: 15.2% 84.8%
[libx264 @ 00000190845b1000] ref B L1: 80.4% 19.6%
[libx264 @ 00000190845b1000] kb/s:545.12
ffmpeg version 7.1-essentials_build-www.gyan.dev Copyright (c) 2000-2024 the FFmpeg developers
  built with gcc 14.2.0 (Rev1, Built by MSYS2 project)
  configuration: --enable-gpl --enable-version3 --enable-static --disable-w32threads --disable-autodetect --enable-fontconfig --enable-iconv --enable-gnutls --enable-libxml2 --enable-gmp --enable-bzlib --enable-lzma --enable-zlib --enable-libsrt --enable-libssh --enable-libzmq --enable-avisynth --enable-sdl2 --enable-libwebp --enable-libx264 --enable-libx265 --enable-libxvid --enable-libaom --enable-libopenjpeg --enable-libvpx --enable-mediafoundation --enable-libass --enable-libfreetype --enable-libfribidi --enable-libharfbuzz --enable-libvidstab --enable-libvmaf --enable-libzimg --enable-amf --enable-cuda-llvm --enable-cuvid --enable-dxva2 --enable-d3d11va --enable-d3d12va --enable-ffnvcodec --enable-libvpl --enable-nvdec --enable-nvenc --enable-vaapi --enable-libgme --enable-libopenmpt --enable-libopencore-amrwb --enable-libmp3lame --enable-libtheora --enable-libvo-amrwbenc --enable-libgsm --enable-libopencore-amrnb --enable-libopus --enable-libspeex --enable-libvorbis --enable-librubberband
  libavutil      59. 39.100 / 59. 39.100
  libavcodec     61. 19.100 / 61. 19.100
  libavformat    61.  7.100 / 61.  7.100
  libavdevice    61.  3.100 / 61.  3.100
  libavfilter    10.  4.100 / 10.  4.100
  libswscale      8.  3.100 /  8.  3.100
  libswresample   5.  3.100 /  5.  3.100
  libpostproc    58.  3.100 / 58.  3.100
Input #0, png_pipe, from 'C:\Codex\260829_youtube-anshin\episodes\010_myna_app_registration\assets\scenes\scene_005.png':
  Duration: N/A, bitrate: N/A
  Stream #0:0: Video: png, rgb24(pc, gbr/unknown/unknown), 1920x1080, 25 fps, 25 tbr, 25 tbn
Stream mapping:
  Stream #0:0 -> #0:0 (png (native) -> h264 (libx264))
Press [q] to stop, [?] for help
[libx264 @ 00000208267a1000] using cpu capabilities: MMX2 SSE2Fast SSSE3 SSE4.2 AVX FMA3 BMI2 AVX2
[libx264 @ 00000208267a1000] profile High, level 4.0, 4:2:0, 8-bit
[libx264 @ 00000208267a1000] 264 - core 164 r3192 c24e06c - H.264/MPEG-4 AVC codec - Copyleft 2003-2024 - http://www.videolan.org/x264.html - options: cabac=1 ref=3 deblock=1:0:0 analyse=0x3:0x113 me=hex subme=7 psy=1 psy_rd=1.00:0.00 mixed_ref=1 me_range=16 chroma_me=1 trellis=1 8x8dct=1 cqm=0 deadzone=21,11 fast_pskip=1 chroma_qp_offset=-2 threads=9 lookahead_threads=1 sliced_threads=0 nr=0 decimate=1 interlaced=0 bluray_compat=0 constrained_intra=0 bframes=3 b_pyramid=2 b_adapt=1 b_bias=0 direct=1 weightb=1 open_gop=0 weightp=2 keyint=250 keyint_min=25 scenecut=40 intra_refresh=0 rc_lookahead=40 rc=crf mbtree=1 crf=18.0 qcomp=0.60 qpmin=0 qpmax=69 qpstep=4 ip_ratio=1.40 aq=1:1.00
Output #0, mp4, to 'C:\Codex\260829_youtube-anshin\episodes\010_myna_app_registration\work\draft_v1_build\video_clips\scene_005.mp4':
  Metadata:
    encoder         : Lavf61.7.100
  Stream #0:0: Video: h264 (avc1 / 0x31637661), yuv420p(tv, progressive), 1920x1080, q=2-31, 30 fps, 15360 tbn
      Metadata:
        encoder         : Lavc61.19.100 libx264
      Side data:
        cpb: bitrate max/min/avg: 0/0/0 buffer size: 0 vbv_delay: N/A
frame=    0 fps=0.0 q=0.0 size=       0KiB time=N/A bitrate=N/A speed=N/A    
frame=   29 fps= 28 q=24.0 size=       0KiB time=00:00:00.90 bitrate=   0.4kbits/s speed=0.855x    
frame=   60 fps= 38 q=24.0 size=       0KiB time=00:00:01.93 bitrate=   0.2kbits/s speed=1.21x    
frame=  103 fps= 48 q=24.0 size=       0KiB time=00:00:03.36 bitrate=   0.1kbits/s speed=1.56x    
frame=  138 fps= 51 q=24.0 size=       0KiB time=00:00:04.53 bitrate=   0.1kbits/s speed=1.68x    
frame=  171 fps= 52 q=24.0 size=       0KiB time=00:00:05.63 bitrate=   0.1kbits/s speed=1.72x    
frame=  205 fps= 54 q=24.0 size=       0KiB time=00:00:06.76 bitrate=   0.1kbits/s speed=1.77x    
frame=  241 fps= 55 q=24.0 size=     256KiB time=00:00:07.96 bitrate= 263.3kbits/s speed=1.83x    
frame=  290 fps= 59 q=24.0 size=     512KiB time=00:00:09.60 bitrate= 436.9kbits/s speed=1.97x    
[out#0/mp4 @ 00000208268704c0] video:564KiB audio:0KiB subtitle:0KiB other streams:0KiB global headers:0KiB muxing overhead: 0.779540%
frame=  304 fps= 61 q=-1.0 Lsize=     569KiB time=00:00:10.06 bitrate= 462.7kbits/s speed=2.03x    
[libx264 @ 00000208267a1000] frame I:2     Avg QP: 7.02  size:244728
[libx264 @ 00000208267a1000] frame P:77    Avg QP: 7.91  size:   835
[libx264 @ 00000208267a1000] frame B:225   Avg QP:14.37  size:   104
[libx264 @ 00000208267a1000] consecutive B-frames:  1.3%  0.0%  0.0% 98.7%
[libx264 @ 00000208267a1000] mb I  I16..4: 24.1% 61.2% 14.7%
[libx264 @ 00000208267a1000] mb P  I16..4:  0.0%  0.0%  0.0%  P16..4:  3.2%  0.1%  0.1%  0.0%  0.0%    skip:96.6%
[libx264 @ 00000208267a1000] mb B  I16..4:  0.0%  0.0%  0.0%  B16..8:  0.5%  0.0%  0.0%  direct: 0.0%  skip:99.5%  L0:55.3% L1:44.7% BI: 0.0%
[libx264 @ 00000208267a1000] 8x8 transform intra:60.5% inter:94.4%
[libx264 @ 00000208267a1000] coded y,uvDC,uvAC intra: 74.4% 77.2% 76.4% inter: 0.3% 0.0% 0.0%
[libx264 @ 00000208267a1000] i16 v,h,dc,p: 43% 15% 34%  8%
[libx264 @ 00000208267a1000] i8 v,h,dc,ddl,ddr,vr,hd,vl,hu: 14% 26% 46%  3%  2%  1%  2%  1%  4%
[libx264 @ 00000208267a1000] i4 v,h,dc,ddl,ddr,vr,hd,vl,hu: 32% 25% 18%  6%  4%  3%  4%  4%  4%
[libx264 @ 00000208267a1000] i8c dc,h,v,p: 75% 13%  7%  5%
[libx264 @ 00000208267a1000] Weighted P-Frames: Y:0.0% UV:0.0%
[libx264 @ 00000208267a1000] ref P L0: 99.2%  0.0%  0.7%  0.1%
[libx264 @ 00000208267a1000] ref B L0:  7.4% 92.6%
[libx264 @ 00000208267a1000] ref B L1: 90.2%  9.8%
[libx264 @ 00000208267a1000] kb/s:455.60
ffmpeg version 7.1-essentials_build-www.gyan.dev Copyright (c) 2000-2024 the FFmpeg developers
  built with gcc 14.2.0 (Rev1, Built by MSYS2 project)
  configuration: --enable-gpl --enable-version3 --enable-static --disable-w32threads --disable-autodetect --enable-fontconfig --enable-iconv --enable-gnutls --enable-libxml2 --enable-gmp --enable-bzlib --enable-lzma --enable-zlib --enable-libsrt --enable-libssh --enable-libzmq --enable-avisynth --enable-sdl2 --enable-libwebp --enable-libx264 --enable-libx265 --enable-libxvid --enable-libaom --enable-libopenjpeg --enable-libvpx --enable-mediafoundation --enable-libass --enable-libfreetype --enable-libfribidi --enable-libharfbuzz --enable-libvidstab --enable-libvmaf --enable-libzimg --enable-amf --enable-cuda-llvm --enable-cuvid --enable-dxva2 --enable-d3d11va --enable-d3d12va --enable-ffnvcodec --enable-libvpl --enable-nvdec --enable-nvenc --enable-vaapi --enable-libgme --enable-libopenmpt --enable-libopencore-amrwb --enable-libmp3lame --enable-libtheora --enable-libvo-amrwbenc --enable-libgsm --enable-libopencore-amrnb --enable-libopus --enable-libspeex --enable-libvorbis --enable-librubberband
  libavutil      59. 39.100 / 59. 39.100
  libavcodec     61. 19.100 / 61. 19.100
  libavformat    61.  7.100 / 61.  7.100
  libavdevice    61.  3.100 / 61.  3.100
  libavfilter    10.  4.100 / 10.  4.100
  libswscale      8.  3.100 /  8.  3.100
  libswresample   5.  3.100 /  5.  3.100
  libpostproc    58.  3.100 / 58.  3.100
Input #0, png_pipe, from 'C:\Codex\260829_youtube-anshin\episodes\010_myna_app_registration\assets\scenes\scene_006.png':
  Duration: N/A, bitrate: N/A
  Stream #0:0: Video: png, rgb24(pc, gbr/unknown/unknown), 1920x1080, 25 fps, 25 tbr, 25 tbn
Stream mapping:
  Stream #0:0 -> #0:0 (png (native) -> h264 (libx264))
Press [q] to stop, [?] for help
[libx264 @ 0000018b731e1000] using cpu capabilities: MMX2 SSE2Fast SSSE3 SSE4.2 AVX FMA3 BMI2 AVX2
[libx264 @ 0000018b731e1000] profile High, level 4.0, 4:2:0, 8-bit
[libx264 @ 0000018b731e1000] 264 - core 164 r3192 c24e06c - H.264/MPEG-4 AVC codec - Copyleft 2003-2024 - http://www.videolan.org/x264.html - options: cabac=1 ref=3 deblock=1:0:0 analyse=0x3:0x113 me=hex subme=7 psy=1 psy_rd=1.00:0.00 mixed_ref=1 me_range=16 chroma_me=1 trellis=1 8x8dct=1 cqm=0 deadzone=21,11 fast_pskip=1 chroma_qp_offset=-2 threads=9 lookahead_threads=1 sliced_threads=0 nr=0 decimate=1 interlaced=0 bluray_compat=0 constrained_intra=0 bframes=3 b_pyramid=2 b_adapt=1 b_bias=0 direct=1 weightb=1 open_gop=0 weightp=2 keyint=250 keyint_min=25 scenecut=40 intra_refresh=0 rc_lookahead=40 rc=crf mbtree=1 crf=18.0 qcomp=0.60 qpmin=0 qpmax=69 qpstep=4 ip_ratio=1.40 aq=1:1.00
Output #0, mp4, to 'C:\Codex\260829_youtube-anshin\episodes\010_myna_app_registration\work\draft_v1_build\video_clips\scene_006.mp4':
  Metadata:
    encoder         : Lavf61.7.100
  Stream #0:0: Video: h264 (avc1 / 0x31637661), yuv420p(tv, progressive), 1920x1080, q=2-31, 30 fps, 15360 tbn
      Metadata:
        encoder         : Lavc61.19.100 libx264
      Side data:
        cpb: bitrate max/min/avg: 0/0/0 buffer size: 0 vbv_delay: N/A
frame=    0 fps=0.0 q=0.0 size=       0KiB time=N/A bitrate=N/A speed=N/A    
frame=   28 fps= 26 q=24.0 size=       0KiB time=00:00:00.86 bitrate=   0.4kbits/s speed=0.804x    
frame=   75 fps= 47 q=24.0 size=       0KiB time=00:00:02.43 bitrate=   0.2kbits/s speed=1.52x    
[out#0/mp4 @ 0000018b736604c0] video:215KiB audio:0KiB subtitle:0KiB other streams:0KiB global headers:0KiB muxing overhead: 0.974388%
frame=  108 fps= 58 q=-1.0 Lsize=     217KiB time=00:00:03.53 bitrate= 504.0kbits/s speed=1.91x    
[libx264 @ 0000018b731e1000] frame I:1     Avg QP: 7.35  size:178018
[libx264 @ 0000018b731e1000] frame P:27    Avg QP: 8.04  size:  1133
[libx264 @ 0000018b731e1000] frame B:80    Avg QP:15.14  size:   139
[libx264 @ 0000018b731e1000] consecutive B-frames:  0.9%  0.0%  2.8% 96.3%
[libx264 @ 0000018b731e1000] mb I  I16..4: 23.0% 65.2% 11.8%
[libx264 @ 0000018b731e1000] mb P  I16..4:  0.0%  0.0%  0.0%  P16..4:  3.3%  0.2%  0.3%  0.0%  0.0%    skip:96.2%
[libx264 @ 0000018b731e1000] mb B  I16..4:  0.0%  0.0%  0.0%  B16..8:  1.2%  0.0%  0.0%  direct: 0.0%  skip:98.8%  L0:33.8% L1:66.2% BI: 0.0%
[libx264 @ 0000018b731e1000] 8x8 transform intra:65.0% inter:83.6%
[libx264 @ 0000018b731e1000] coded y,uvDC,uvAC intra: 72.6% 74.2% 72.9% inter: 0.3% 0.1% 0.0%
[libx264 @ 0000018b731e1000] i16 v,h,dc,p: 74% 10% 12%  4%
[libx264 @ 0000018b731e1000] i8 v,h,dc,ddl,ddr,vr,hd,vl,hu: 18% 17% 50%  4%  2%  1%  2%  2%  4%
[libx264 @ 0000018b731e1000] i4 v,h,dc,ddl,ddr,vr,hd,vl,hu: 36% 25% 15%  6%  4%  3%  3%  3%  4%
[libx264 @ 0000018b731e1000] i8c dc,h,v,p: 75% 13%  7%  5%
[libx264 @ 0000018b731e1000] Weighted P-Frames: Y:0.0% UV:0.0%
[libx264 @ 0000018b731e1000] ref P L0: 96.7%  0.0%  3.1%  0.2%
[libx264 @ 0000018b731e1000] ref B L0: 10.3% 89.6%  0.2%
[libx264 @ 0000018b731e1000] ref B L1: 75.1% 24.9%
[libx264 @ 0000018b731e1000] kb/s:488.35
ffmpeg version 7.1-essentials_build-www.gyan.dev Copyright (c) 2000-2024 the FFmpeg developers
  built with gcc 14.2.0 (Rev1, Built by MSYS2 project)
  configuration: --enable-gpl --enable-version3 --enable-static --disable-w32threads --disable-autodetect --enable-fontconfig --enable-iconv --enable-gnutls --enable-libxml2 --enable-gmp --enable-bzlib --enable-lzma --enable-zlib --enable-libsrt --enable-libssh --enable-libzmq --enable-avisynth --enable-sdl2 --enable-libwebp --enable-libx264 --enable-libx265 --enable-libxvid --enable-libaom --enable-libopenjpeg --enable-libvpx --enable-mediafoundation --enable-libass --enable-libfreetype --enable-libfribidi --enable-libharfbuzz --enable-libvidstab --enable-libvmaf --enable-libzimg --enable-amf --enable-cuda-llvm --enable-cuvid --enable-dxva2 --enable-d3d11va --enable-d3d12va --enable-ffnvcodec --enable-libvpl --enable-nvdec --enable-nvenc --enable-vaapi --enable-libgme --enable-libopenmpt --enable-libopencore-amrwb --enable-libmp3lame --enable-libtheora --enable-libvo-amrwbenc --enable-libgsm --enable-libopencore-amrnb --enable-libopus --enable-libspeex --enable-libvorbis --enable-librubberband
  libavutil      59. 39.100 / 59. 39.100
  libavcodec     61. 19.100 / 61. 19.100
  libavformat    61.  7.100 / 61.  7.100
  libavdevice    61.  3.100 / 61.  3.100
  libavfilter    10.  4.100 / 10.  4.100
  libswscale      8.  3.100 /  8.  3.100
  libswresample   5.  3.100 /  5.  3.100
  libpostproc    58.  3.100 / 58.  3.100
Input #0, png_pipe, from 'C:\Codex\260829_youtube-anshin\episodes\010_myna_app_registration\assets\scenes\scene_007.png':
  Duration: N/A, bitrate: N/A
  Stream #0:0: Video: png, rgb24(pc, gbr/unknown/unknown), 1920x1080, 25 fps, 25 tbr, 25 tbn
Stream mapping:
  Stream #0:0 -> #0:0 (png (native) -> h264 (libx264))
Press [q] to stop, [?] for help
[libx264 @ 000001a5d5474640] using cpu capabilities: MMX2 SSE2Fast SSSE3 SSE4.2 AVX FMA3 BMI2 AVX2
[libx264 @ 000001a5d5474640] profile High, level 4.0, 4:2:0, 8-bit
[libx264 @ 000001a5d5474640] 264 - core 164 r3192 c24e06c - H.264/MPEG-4 AVC codec - Copyleft 2003-2024 - http://www.videolan.org/x264.html - options: cabac=1 ref=3 deblock=1:0:0 analyse=0x3:0x113 me=hex subme=7 psy=1 psy_rd=1.00:0.00 mixed_ref=1 me_range=16 chroma_me=1 trellis=1 8x8dct=1 cqm=0 deadzone=21,11 fast_pskip=1 chroma_qp_offset=-2 threads=9 lookahead_threads=1 sliced_threads=0 nr=0 decimate=1 interlaced=0 bluray_compat=0 constrained_intra=0 bframes=3 b_pyramid=2 b_adapt=1 b_bias=0 direct=1 weightb=1 open_gop=0 weightp=2 keyint=250 keyint_min=25 scenecut=40 intra_refresh=0 rc_lookahead=40 rc=crf mbtree=1 crf=18.0 qcomp=0.60 qpmin=0 qpmax=69 qpstep=4 ip_ratio=1.40 aq=1:1.00
Output #0, mp4, to 'C:\Codex\260829_youtube-anshin\episodes\010_myna_app_registration\work\draft_v1_build\video_clips\scene_007.mp4':
  Metadata:
    encoder         : Lavf61.7.100
  Stream #0:0: Video: h264 (avc1 / 0x31637661), yuv420p(tv, progressive), 1920x1080, q=2-31, 30 fps, 15360 tbn
      Metadata:
        encoder         : Lavc61.19.100 libx264
      Side data:
        cpb: bitrate max/min/avg: 0/0/0 buffer size: 0 vbv_delay: N/A
frame=    0 fps=0.0 q=0.0 size=       0KiB time=N/A bitrate=N/A speed=N/A    
frame=   23 fps= 22 q=24.0 size=       0KiB time=00:00:00.70 bitrate=   0.5kbits/s speed=0.667x    
frame=   71 fps= 45 q=24.0 size=     256KiB time=00:00:02.30 bitrate= 912.0kbits/s speed=1.47x    
frame=  122 fps= 59 q=24.0 size=     512KiB time=00:00:04.00 bitrate=1048.7kbits/s speed=1.92x    
frame=  190 fps= 73 q=24.0 size=     768KiB time=00:00:06.26 bitrate=1004.0kbits/s speed=2.41x    
[out#0/mp4 @ 000001a5d4926b80] video:892KiB audio:0KiB subtitle:0KiB other streams:0KiB global headers:0KiB muxing overhead: 0.430322%
frame=  265 fps= 91 q=-1.0 Lsize=     896KiB time=00:00:08.76 bitrate= 837.4kbits/s speed=3.02x    
[libx264 @ 000001a5d5474640] frame I:2     Avg QP:10.44  size: 50826
[libx264 @ 000001a5d5474640] frame P:89    Avg QP:17.57  size:  7927
[libx264 @ 000001a5d5474640] frame B:174   Avg QP:18.40  size:   609
[libx264 @ 000001a5d5474640] consecutive B-frames:  8.3%  7.5% 14.7% 69.4%
[libx264 @ 000001a5d5474640] mb I  I16..4: 57.2% 33.1%  9.7%
[libx264 @ 000001a5d5474640] mb P  I16..4:  2.5%  0.4%  0.1%  P16..4:  5.3%  1.6%  1.2%  0.0%  0.0%    skip:88.8%
[libx264 @ 000001a5d5474640] mb B  I16..4:  0.3%  0.1%  0.0%  B16..8:  5.1%  0.2%  0.0%  direct: 0.1%  skip:94.1%  L0:51.8% L1:43.2% BI: 5.0%
[libx264 @ 000001a5d5474640] 8x8 transform intra:23.4% inter:37.8%
[libx264 @ 000001a5d5474640] coded y,uvDC,uvAC intra: 4.8% 6.0% 4.8% inter: 1.4% 1.0% 0.6%
[libx264 @ 000001a5d5474640] i16 v,h,dc,p: 48% 51%  1%  0%
[libx264 @ 000001a5d5474640] i8 v,h,dc,ddl,ddr,vr,hd,vl,hu:  7% 36% 57%  0%  0%  0%  0%  0%  0%
[libx264 @ 000001a5d5474640] i4 v,h,dc,ddl,ddr,vr,hd,vl,hu: 32% 33% 18%  3%  3%  3%  2%  3%  3%
[libx264 @ 000001a5d5474640] i8c dc,h,v,p: 51% 37% 12%  0%
[libx264 @ 000001a5d5474640] Weighted P-Frames: Y:0.0% UV:0.0%
[libx264 @ 000001a5d5474640] ref P L0: 70.6%  5.5% 12.7% 11.1%
[libx264 @ 000001a5d5474640] ref B L0: 77.0% 16.0%  7.0%
[libx264 @ 000001a5d5474640] ref B L1: 98.0%  2.0%
[libx264 @ 000001a5d5474640] kb/s:826.91
ffmpeg version 7.1-essentials_build-www.gyan.dev Copyright (c) 2000-2024 the FFmpeg developers
  built with gcc 14.2.0 (Rev1, Built by MSYS2 project)
  configuration: --enable-gpl --enable-version3 --enable-static --disable-w32threads --disable-autodetect --enable-fontconfig --enable-iconv --enable-gnutls --enable-libxml2 --enable-gmp --enable-bzlib --enable-lzma --enable-zlib --enable-libsrt --enable-libssh --enable-libzmq --enable-avisynth --enable-sdl2 --enable-libwebp --enable-libx264 --enable-libx265 --enable-libxvid --enable-libaom --enable-libopenjpeg --enable-libvpx --enable-mediafoundation --enable-libass --enable-libfreetype --enable-libfribidi --enable-libharfbuzz --enable-libvidstab --enable-libvmaf --enable-libzimg --enable-amf --enable-cuda-llvm --enable-cuvid --enable-dxva2 --enable-d3d11va --enable-d3d12va --enable-ffnvcodec --enable-libvpl --enable-nvdec --enable-nvenc --enable-vaapi --enable-libgme --enable-libopenmpt --enable-libopencore-amrwb --enable-libmp3lame --enable-libtheora --enable-libvo-amrwbenc --enable-libgsm --enable-libopencore-amrnb --enable-libopus --enable-libspeex --enable-libvorbis --enable-librubberband
  libavutil      59. 39.100 / 59. 39.100
  libavcodec     61. 19.100 / 61. 19.100
  libavformat    61.  7.100 / 61.  7.100
  libavdevice    61.  3.100 / 61.  3.100
  libavfilter    10.  4.100 / 10.  4.100
  libswscale      8.  3.100 /  8.  3.100
  libswresample   5.  3.100 /  5.  3.100
  libpostproc    58.  3.100 / 58.  3.100
Input #0, png_pipe, from 'C:\Codex\260829_youtube-anshin\episodes\010_myna_app_registration\assets\scenes\scene_008.png':
  Duration: N/A, bitrate: N/A
  Stream #0:0: Video: png, rgb24(pc, gbr/unknown/unknown), 1920x1080, 25 fps, 25 tbr, 25 tbn
Stream mapping:
  Stream #0:0 -> #0:0 (png (native) -> h264 (libx264))
Press [q] to stop, [?] for help
[libx264 @ 000001bf8fad1000] using cpu capabilities: MMX2 SSE2Fast SSSE3 SSE4.2 AVX FMA3 BMI2 AVX2
[libx264 @ 000001bf8fad1000] profile High, level 4.0, 4:2:0, 8-bit
[libx264 @ 000001bf8fad1000] 264 - core 164 r3192 c24e06c - H.264/MPEG-4 AVC codec - Copyleft 2003-2024 - http://www.videolan.org/x264.html - options: cabac=1 ref=3 deblock=1:0:0 analyse=0x3:0x113 me=hex subme=7 psy=1 psy_rd=1.00:0.00 mixed_ref=1 me_range=16 chroma_me=1 trellis=1 8x8dct=1 cqm=0 deadzone=21,11 fast_pskip=1 chroma_qp_offset=-2 threads=9 lookahead_threads=1 sliced_threads=0 nr=0 decimate=1 interlaced=0 bluray_compat=0 constrained_intra=0 bframes=3 b_pyramid=2 b_adapt=1 b_bias=0 direct=1 weightb=1 open_gop=0 weightp=2 keyint=250 keyint_min=25 scenecut=40 intra_refresh=0 rc_lookahead=40 rc=crf mbtree=1 crf=18.0 qcomp=0.60 qpmin=0 qpmax=69 qpstep=4 ip_ratio=1.40 aq=1:1.00
Output #0, mp4, to 'C:\Codex\260829_youtube-anshin\episodes\010_myna_app_registration\work\draft_v1_build\video_clips\scene_008.mp4':
  Metadata:
    encoder         : Lavf61.7.100
  Stream #0:0: Video: h264 (avc1 / 0x31637661), yuv420p(tv, progressive), 1920x1080, q=2-31, 30 fps, 15360 tbn
      Metadata:
        encoder         : Lavc61.19.100 libx264
      Side data:
        cpb: bitrate max/min/avg: 0/0/0 buffer size: 0 vbv_delay: N/A
frame=    0 fps=0.0 q=0.0 size=       0KiB time=N/A bitrate=N/A speed=N/A    
frame=   23 fps= 23 q=24.0 size=       0KiB time=00:00:00.70 bitrate=   0.5kbits/s speed=0.686x    
[out#0/mp4 @ 000001bf918c04c0] video:207KiB audio:0KiB subtitle:0KiB other streams:0KiB global headers:0KiB muxing overhead: 0.869795%
frame=   82 fps= 58 q=-1.0 Lsize=     209KiB time=00:00:02.66 bitrate= 641.5kbits/s speed= 1.9x    
[libx264 @ 000001bf8fad1000] frame I:1     Avg QP: 7.28  size:177831
[libx264 @ 000001bf8fad1000] frame P:21    Avg QP: 8.41  size:  1167
[libx264 @ 000001bf8fad1000] frame B:60    Avg QP:14.44  size:   150
[libx264 @ 000001bf8fad1000] consecutive B-frames:  2.4%  0.0%  0.0% 97.6%
[libx264 @ 000001bf8fad1000] mb I  I16..4: 23.1% 65.1% 11.7%
[libx264 @ 000001bf8fad1000] mb P  I16..4:  0.0%  0.0%  0.0%  P16..4:  3.1%  0.2%  0.4%  0.0%  0.0%    skip:96.3%
[libx264 @ 000001bf8fad1000] mb B  I16..4:  0.0%  0.0%  0.0%  B16..8:  1.4%  0.0%  0.0%  direct: 0.0%  skip:98.6%  L0:25.1% L1:74.9% BI: 0.0%
[libx264 @ 000001bf8fad1000] 8x8 transform intra:65.1% inter:77.6%
[libx264 @ 000001bf8fad1000] coded y,uvDC,uvAC intra: 73.3% 74.4% 73.0% inter: 0.3% 0.1% 0.0%
[libx264 @ 000001bf8fad1000] i16 v,h,dc,p: 74% 11% 10%  4%
[libx264 @ 000001bf8fad1000] i8 v,h,dc,ddl,ddr,vr,hd,vl,hu: 18% 16% 51%  4%  2%  1%  2%  2%  4%
[libx264 @ 000001bf8fad1000] i4 v,h,dc,ddl,ddr,vr,hd,vl,hu: 36% 25% 16%  5%  4%  3%  4%  3%  4%
[libx264 @ 000001bf8fad1000] i8c dc,h,v,p: 75% 13%  7%  5%
[libx264 @ 000001bf8fad1000] Weighted P-Frames: Y:0.0% UV:0.0%
[libx264 @ 000001bf8fad1000] ref P L0: 95.9%  0.0%  3.8%  0.3%
[libx264 @ 000001bf8fad1000] ref B L0: 13.6% 86.2%  0.2%
[libx264 @ 000001bf8fad1000] ref B L1: 72.8% 27.2%
[libx264 @ 000001bf8fad1000] kb/s:618.48
ffmpeg version 7.1-essentials_build-www.gyan.dev Copyright (c) 2000-2024 the FFmpeg developers
  built with gcc 14.2.0 (Rev1, Built by MSYS2 project)
  configuration: --enable-gpl --enable-version3 --enable-static --disable-w32threads --disable-autodetect --enable-fontconfig --enable-iconv --enable-gnutls --enable-libxml2 --enable-gmp --enable-bzlib --enable-lzma --enable-zlib --enable-libsrt --enable-libssh --enable-libzmq --enable-avisynth --enable-sdl2 --enable-libwebp --enable-libx264 --enable-libx265 --enable-libxvid --enable-libaom --enable-libopenjpeg --enable-libvpx --enable-mediafoundation --enable-libass --enable-libfreetype --enable-libfribidi --enable-libharfbuzz --enable-libvidstab --enable-libvmaf --enable-libzimg --enable-amf --enable-cuda-llvm --enable-cuvid --enable-dxva2 --enable-d3d11va --enable-d3d12va --enable-ffnvcodec --enable-libvpl --enable-nvdec --enable-nvenc --enable-vaapi --enable-libgme --enable-libopenmpt --enable-libopencore-amrwb --enable-libmp3lame --enable-libtheora --enable-libvo-amrwbenc --enable-libgsm --enable-libopencore-amrnb --enable-libopus --enable-libspeex --enable-libvorbis --enable-librubberband
  libavutil      59. 39.100 / 59. 39.100
  libavcodec     61. 19.100 / 61. 19.100
  libavformat    61.  7.100 / 61.  7.100
  libavdevice    61.  3.100 / 61.  3.100
  libavfilter    10.  4.100 / 10.  4.100
  libswscale      8.  3.100 /  8.  3.100
  libswresample   5.  3.100 /  5.  3.100
  libpostproc    58.  3.100 / 58.  3.100
Input #0, png_pipe, from 'C:\Codex\260829_youtube-anshin\episodes\010_myna_app_registration\assets\scenes\scene_009.png':
  Duration: N/A, bitrate: N/A
  Stream #0:0: Video: png, rgb24(pc, gbr/unknown/unknown), 1920x1080, 25 fps, 25 tbr, 25 tbn
Stream mapping:
  Stream #0:0 -> #0:0 (png (native) -> h264 (libx264))
Press [q] to stop, [?] for help
[libx264 @ 0000020407849540] using cpu capabilities: MMX2 SSE2Fast SSSE3 SSE4.2 AVX FMA3 BMI2 AVX2
[libx264 @ 0000020407849540] profile High, level 4.0, 4:2:0, 8-bit
[libx264 @ 0000020407849540] 264 - core 164 r3192 c24e06c - H.264/MPEG-4 AVC codec - Copyleft 2003-2024 - http://www.videolan.org/x264.html - options: cabac=1 ref=3 deblock=1:0:0 analyse=0x3:0x113 me=hex subme=7 psy=1 psy_rd=1.00:0.00 mixed_ref=1 me_range=16 chroma_me=1 trellis=1 8x8dct=1 cqm=0 deadzone=21,11 fast_pskip=1 chroma_qp_offset=-2 threads=9 lookahead_threads=1 sliced_threads=0 nr=0 decimate=1 interlaced=0 bluray_compat=0 constrained_intra=0 bframes=3 b_pyramid=2 b_adapt=1 b_bias=0 direct=1 weightb=1 open_gop=0 weightp=2 keyint=250 keyint_min=25 scenecut=40 intra_refresh=0 rc_lookahead=40 rc=crf mbtree=1 crf=18.0 qcomp=0.60 qpmin=0 qpmax=69 qpstep=4 ip_ratio=1.40 aq=1:1.00
Output #0, mp4, to 'C:\Codex\260829_youtube-anshin\episodes\010_myna_app_registration\work\draft_v1_build\video_clips\scene_009.mp4':
  Metadata:
    encoder         : Lavf61.7.100
  Stream #0:0: Video: h264 (avc1 / 0x31637661), yuv420p(tv, progressive), 1920x1080, q=2-31, 30 fps, 15360 tbn
      Metadata:
        encoder         : Lavc61.19.100 libx264
      Side data:
        cpb: bitrate max/min/avg: 0/0/0 buffer size: 0 vbv_delay: N/A
frame=    0 fps=0.0 q=0.0 size=       0KiB time=N/A bitrate=N/A speed=N/A    
frame=   33 fps= 32 q=24.0 size=       0KiB time=00:00:01.03 bitrate=   0.4kbits/s speed=0.996x    
frame=   81 fps= 52 q=24.0 size=     256KiB time=00:00:02.63 bitrate= 796.5kbits/s speed=1.69x    
frame=  134 fps= 64 q=24.0 size=     512KiB time=00:00:04.40 bitrate= 953.3kbits/s speed=2.12x    
frame=  219 fps= 85 q=-1.0 size=     768KiB time=00:00:07.23 bitrate= 869.8kbits/s speed=2.79x    
[out#0/mp4 @ 0000020407840640] video:902KiB audio:0KiB subtitle:0KiB other streams:0KiB global headers:0KiB muxing overhead: 0.372081%
frame=  224 fps= 86 q=-1.0 Lsize=     905KiB time=00:00:07.40 bitrate=1002.0kbits/s speed=2.85x    
[libx264 @ 0000020407849540] frame I:1     Avg QP:13.48  size: 50480
[libx264 @ 0000020407849540] frame P:79    Avg QP:17.68  size:  9700
[libx264 @ 0000020407849540] frame B:144   Avg QP:19.18  size:   736
[libx264 @ 0000020407849540] consecutive B-frames:  9.4%  8.9% 17.4% 64.3%
[libx264 @ 0000020407849540] mb I  I16..4: 43.2% 46.1% 10.7%
[libx264 @ 0000020407849540] mb P  I16..4:  3.3%  0.5%  0.2%  P16..4:  6.4%  2.2%  1.6%  0.0%  0.0%    skip:85.9%
[libx264 @ 0000020407849540] mb B  I16..4:  0.4%  0.2%  0.0%  B16..8:  6.5%  0.3%  0.0%  direct: 0.1%  skip:92.6%  L0:51.8% L1:43.1% BI: 5.1%
[libx264 @ 0000020407849540] 8x8 transform intra:22.6% inter:36.0%
[libx264 @ 0000020407849540] coded y,uvDC,uvAC intra: 4.2% 6.1% 4.5% inter: 1.9% 1.1% 0.6%
[libx264 @ 0000020407849540] i16 v,h,dc,p: 38% 61%  1%  0%
[libx264 @ 0000020407849540] i8 v,h,dc,ddl,ddr,vr,hd,vl,hu:  6% 23% 71%  0%  0%  0%  0%  0%  0%
[libx264 @ 0000020407849540] i4 v,h,dc,ddl,ddr,vr,hd,vl,hu: 30% 35% 22%  2%  2%  2%  2%  2%  2%
[libx264 @ 0000020407849540] i8c dc,h,v,p: 41% 45% 14%  0%
[libx264 @ 0000020407849540] Weighted P-Frames: Y:0.0% UV:0.0%
[libx264 @ 0000020407849540] ref P L0: 69.6%  5.3% 12.9% 12.2%
[libx264 @ 0000020407849540] ref B L0: 79.6% 14.0%  6.4%
[libx264 @ 0000020407849540] ref B L1: 97.9%  2.1%
[libx264 @ 0000020407849540] kb/s:988.68
ffmpeg version 7.1-essentials_build-www.gyan.dev Copyright (c) 2000-2024 the FFmpeg developers
  built with gcc 14.2.0 (Rev1, Built by MSYS2 project)
  configuration: --enable-gpl --enable-version3 --enable-static --disable-w32threads --disable-autodetect --enable-fontconfig --enable-iconv --enable-gnutls --enable-libxml2 --enable-gmp --enable-bzlib --enable-lzma --enable-zlib --enable-libsrt --enable-libssh --enable-libzmq --enable-avisynth --enable-sdl2 --enable-libwebp --enable-libx264 --enable-libx265 --enable-libxvid --enable-libaom --enable-libopenjpeg --enable-libvpx --enable-mediafoundation --enable-libass --enable-libfreetype --enable-libfribidi --enable-libharfbuzz --enable-libvidstab --enable-libvmaf --enable-libzimg --enable-amf --enable-cuda-llvm --enable-cuvid --enable-dxva2 --enable-d3d11va --enable-d3d12va --enable-ffnvcodec --enable-libvpl --enable-nvdec --enable-nvenc --enable-vaapi --enable-libgme --enable-libopenmpt --enable-libopencore-amrwb --enable-libmp3lame --enable-libtheora --enable-libvo-amrwbenc --enable-libgsm --enable-libopencore-amrnb --enable-libopus --enable-libspeex --enable-libvorbis --enable-librubberband
  libavutil      59. 39.100 / 59. 39.100
  libavcodec     61. 19.100 / 61. 19.100
  libavformat    61.  7.100 / 61.  7.100
  libavdevice    61.  3.100 / 61.  3.100
  libavfilter    10.  4.100 / 10.  4.100
  libswscale      8.  3.100 /  8.  3.100
  libswresample   5.  3.100 /  5.  3.100
  libpostproc    58.  3.100 / 58.  3.100
Input #0, png_pipe, from 'C:\Codex\260829_youtube-anshin\episodes\010_myna_app_registration\assets\scenes\scene_010.png':
  Duration: N/A, bitrate: N/A
  Stream #0:0: Video: png, rgb24(pc, gbr/unknown/unknown), 1920x1080, 25 fps, 25 tbr, 25 tbn
Stream mapping:
  Stream #0:0 -> #0:0 (png (native) -> h264 (libx264))
Press [q] to stop, [?] for help
[libx264 @ 0000028b48a41000] using cpu capabilities: MMX2 SSE2Fast SSSE3 SSE4.2 AVX FMA3 BMI2 AVX2
[libx264 @ 0000028b48a41000] profile High, level 4.0, 4:2:0, 8-bit
[libx264 @ 0000028b48a41000] 264 - core 164 r3192 c24e06c - H.264/MPEG-4 AVC codec - Copyleft 2003-2024 - http://www.videolan.org/x264.html - options: cabac=1 ref=3 deblock=1:0:0 analyse=0x3:0x113 me=hex subme=7 psy=1 psy_rd=1.00:0.00 mixed_ref=1 me_range=16 chroma_me=1 trellis=1 8x8dct=1 cqm=0 deadzone=21,11 fast_pskip=1 chroma_qp_offset=-2 threads=9 lookahead_threads=1 sliced_threads=0 nr=0 decimate=1 interlaced=0 bluray_compat=0 constrained_intra=0 bframes=3 b_pyramid=2 b_adapt=1 b_bias=0 direct=1 weightb=1 open_gop=0 weightp=2 keyint=250 keyint_min=25 scenecut=40 intra_refresh=0 rc_lookahead=40 rc=crf mbtree=1 crf=18.0 qcomp=0.60 qpmin=0 qpmax=69 qpstep=4 ip_ratio=1.40 aq=1:1.00
Output #0, mp4, to 'C:\Codex\260829_youtube-anshin\episodes\010_myna_app_registration\work\draft_v1_build\video_clips\scene_010.mp4':
  Metadata:
    encoder         : Lavf61.7.100
  Stream #0:0: Video: h264 (avc1 / 0x31637661), yuv420p(tv, progressive), 1920x1080, q=2-31, 30 fps, 15360 tbn
      Metadata:
        encoder         : Lavc61.19.100 libx264
      Side data:
        cpb: bitrate max/min/avg: 0/0/0 buffer size: 0 vbv_delay: N/A
frame=    0 fps=0.0 q=0.0 size=       0KiB time=N/A bitrate=N/A speed=N/A    
frame=   12 fps= 11 q=24.0 size=       0KiB time=00:00:00.33 bitrate=   1.2kbits/s speed=0.316x    
frame=   55 fps= 35 q=24.0 size=       0KiB time=00:00:01.76 bitrate=   0.2kbits/s speed=1.12x    
[out#0/mp4 @ 0000028b48ee04c0] video:215KiB audio:0KiB subtitle:0KiB other streams:0KiB global headers:0KiB muxing overhead: 0.986288%
frame=  109 fps= 56 q=-1.0 Lsize=     217KiB time=00:00:03.56 bitrate= 497.9kbits/s speed=1.85x    
[libx264 @ 0000028b48a41000] frame I:1     Avg QP: 7.46  size:175021
[libx264 @ 0000028b48a41000] frame P:27    Avg QP: 7.99  size:  1223
[libx264 @ 0000028b48a41000] frame B:81    Avg QP:14.66  size:   137
[libx264 @ 0000028b48a41000] consecutive B-frames:  0.9%  0.0%  0.0% 99.1%
[libx264 @ 0000028b48a41000] mb I  I16..4: 23.8% 64.1% 12.1%
[libx264 @ 0000028b48a41000] mb P  I16..4:  0.0%  0.0%  0.0%  P16..4:  4.0%  0.2%  0.3%  0.0%  0.0%    skip:95.6%
[libx264 @ 0000028b48a41000] mb B  I16..4:  0.0%  0.0%  0.0%  B16..8:  1.1%  0.0%  0.0%  direct: 0.0%  skip:98.9%  L0:38.0% L1:62.0% BI: 0.0%
[libx264 @ 0000028b48a41000] 8x8 transform intra:64.0% inter:85.1%
[libx264 @ 0000028b48a41000] coded y,uvDC,uvAC intra: 71.8% 73.7% 72.3% inter: 0.4% 0.1% 0.0%
[libx264 @ 0000028b48a41000] i16 v,h,dc,p: 74% 12% 10%  4%
[libx264 @ 0000028b48a41000] i8 v,h,dc,ddl,ddr,vr,hd,vl,hu: 19% 17% 50%  4%  2%  1%  2%  2%  4%
[libx264 @ 0000028b48a41000] i4 v,h,dc,ddl,ddr,vr,hd,vl,hu: 36% 26% 15%  6%  4%  3%  3%  3%  4%
[libx264 @ 0000028b48a41000] i8c dc,h,v,p: 74% 14%  7%  4%
[libx264 @ 0000028b48a41000] Weighted P-Frames: Y:0.0% UV:0.0%
[libx264 @ 0000028b48a41000] ref P L0: 97.4%  0.0%  2.4%  0.2%
[libx264 @ 0000028b48a41000] ref B L0: 13.5% 86.5%  0.0%
[libx264 @ 0000028b48a41000] ref B L1: 80.9% 19.1%
[libx264 @ 0000028b48a41000] kb/s:482.48
ffmpeg version 7.1-essentials_build-www.gyan.dev Copyright (c) 2000-2024 the FFmpeg developers
  built with gcc 14.2.0 (Rev1, Built by MSYS2 project)
  configuration: --enable-gpl --enable-version3 --enable-static --disable-w32threads --disable-autodetect --enable-fontconfig --enable-iconv --enable-gnutls --enable-libxml2 --enable-gmp --enable-bzlib --enable-lzma --enable-zlib --enable-libsrt --enable-libssh --enable-libzmq --enable-avisynth --enable-sdl2 --enable-libwebp --enable-libx264 --enable-libx265 --enable-libxvid --enable-libaom --enable-libopenjpeg --enable-libvpx --enable-mediafoundation --enable-libass --enable-libfreetype --enable-libfribidi --enable-libharfbuzz --enable-libvidstab --enable-libvmaf --enable-libzimg --enable-amf --enable-cuda-llvm --enable-cuvid --enable-dxva2 --enable-d3d11va --enable-d3d12va --enable-ffnvcodec --enable-libvpl --enable-nvdec --enable-nvenc --enable-vaapi --enable-libgme --enable-libopenmpt --enable-libopencore-amrwb --enable-libmp3lame --enable-libtheora --enable-libvo-amrwbenc --enable-libgsm --enable-libopencore-amrnb --enable-libopus --enable-libspeex --enable-libvorbis --enable-librubberband
  libavutil      59. 39.100 / 59. 39.100
  libavcodec     61. 19.100 / 61. 19.100
  libavformat    61.  7.100 / 61.  7.100
  libavdevice    61.  3.100 / 61.  3.100
  libavfilter    10.  4.100 / 10.  4.100
  libswscale      8.  3.100 /  8.  3.100
  libswresample   5.  3.100 /  5.  3.100
  libpostproc    58.  3.100 / 58.  3.100
Input #0, png_pipe, from 'C:\Codex\260829_youtube-anshin\episodes\010_myna_app_registration\assets\scenes\scene_011.png':
  Duration: N/A, bitrate: N/A
  Stream #0:0: Video: png, rgb24(pc, gbr/unknown/unknown), 1920x1080, 25 fps, 25 tbr, 25 tbn
Stream mapping:
  Stream #0:0 -> #0:0 (png (native) -> h264 (libx264))
Press [q] to stop, [?] for help
[libx264 @ 0000029f130b94c0] using cpu capabilities: MMX2 SSE2Fast SSSE3 SSE4.2 AVX FMA3 BMI2 AVX2
[libx264 @ 0000029f130b94c0] profile High, level 4.0, 4:2:0, 8-bit
[libx264 @ 0000029f130b94c0] 264 - core 164 r3192 c24e06c - H.264/MPEG-4 AVC codec - Copyleft 2003-2024 - http://www.videolan.org/x264.html - options: cabac=1 ref=3 deblock=1:0:0 analyse=0x3:0x113 me=hex subme=7 psy=1 psy_rd=1.00:0.00 mixed_ref=1 me_range=16 chroma_me=1 trellis=1 8x8dct=1 cqm=0 deadzone=21,11 fast_pskip=1 chroma_qp_offset=-2 threads=9 lookahead_threads=1 sliced_threads=0 nr=0 decimate=1 interlaced=0 bluray_compat=0 constrained_intra=0 bframes=3 b_pyramid=2 b_adapt=1 b_bias=0 direct=1 weightb=1 open_gop=0 weightp=2 keyint=250 keyint_min=25 scenecut=40 intra_refresh=0 rc_lookahead=40 rc=crf mbtree=1 crf=18.0 qcomp=0.60 qpmin=0 qpmax=69 qpstep=4 ip_ratio=1.40 aq=1:1.00
Output #0, mp4, to 'C:\Codex\260829_youtube-anshin\episodes\010_myna_app_registration\work\draft_v1_build\video_clips\scene_011.mp4':
  Metadata:
    encoder         : Lavf61.7.100
  Stream #0:0: Video: h264 (avc1 / 0x31637661), yuv420p(tv, progressive), 1920x1080, q=2-31, 30 fps, 15360 tbn
      Metadata:
        encoder         : Lavc61.19.100 libx264
      Side data:
        cpb: bitrate max/min/avg: 0/0/0 buffer size: 0 vbv_delay: N/A
frame=    0 fps=0.0 q=0.0 size=       0KiB time=N/A bitrate=N/A speed=N/A    
frame=   33 fps= 32 q=24.0 size=       0KiB time=00:00:01.03 bitrate=   0.4kbits/s speed=1.01x    
frame=   77 fps= 50 q=24.0 size=     256KiB time=00:00:02.50 bitrate= 839.0kbits/s speed=1.62x    
frame=  116 fps= 56 q=24.0 size=     512KiB time=00:00:03.80 bitrate=1103.9kbits/s speed=1.84x    
frame=  162 fps= 63 q=24.0 size=     512KiB time=00:00:05.33 bitrate= 786.5kbits/s speed=2.07x    
frame=  226 fps= 73 q=24.0 size=     512KiB time=00:00:07.46 bitrate= 561.8kbits/s speed=2.42x    
frame=  291 fps= 81 q=24.0 size=     768KiB time=00:00:09.63 bitrate= 653.1kbits/s speed=2.67x    
[out#0/mp4 @ 0000029f130b0640] video:814KiB audio:0KiB subtitle:0KiB other streams:0KiB global headers:0KiB muxing overhead: 0.621217%
frame=  369 fps= 94 q=-1.0 Lsize=     819KiB time=00:00:12.23 bitrate= 548.7kbits/s speed=3.11x    
[libx264 @ 0000029f130b94c0] frame I:2     Avg QP:10.84  size: 48164
[libx264 @ 0000029f130b94c0] frame P:115   Avg QP:18.24  size:  5496
[libx264 @ 0000029f130b94c0] frame B:252   Avg QP:23.27  size:   416
[libx264 @ 0000029f130b94c0] consecutive B-frames:  6.0%  5.4% 10.6% 78.0%
[libx264 @ 0000029f130b94c0] mb I  I16..4: 51.9% 38.4%  9.7%
[libx264 @ 0000029f130b94c0] mb P  I16..4:  2.1%  0.3%  0.1%  P16..4:  3.9%  1.2%  0.9%  0.0%  0.0%    skip:91.5%
[libx264 @ 0000029f130b94c0] mb B  I16..4:  0.2%  0.1%  0.0%  B16..8:  3.4%  0.2%  0.0%  direct: 0.0%  skip:96.0%  L0:52.0% L1:43.7% BI: 4.4%
[libx264 @ 0000029f130b94c0] 8x8 transform intra:23.1% inter:37.2%
[libx264 @ 0000029f130b94c0] coded y,uvDC,uvAC intra: 4.7% 6.3% 4.7% inter: 0.9% 0.5% 0.3%
[libx264 @ 0000029f130b94c0] i16 v,h,dc,p: 47% 53%  1%  0%
[libx264 @ 0000029f130b94c0] i8 v,h,dc,ddl,ddr,vr,hd,vl,hu: 10% 24% 65%  0%  0%  0%  0%  0%  0%
[libx264 @ 0000029f130b94c0] i4 v,h,dc,ddl,ddr,vr,hd,vl,hu: 31% 35% 19%  3%  2%  2%  2%  3%  3%
[libx264 @ 0000029f130b94c0] i8c dc,h,v,p: 49% 39% 12%  0%
[libx264 @ 0000029f130b94c0] Weighted P-Frames: Y:0.0% UV:0.0%
[libx264 @ 0000029f130b94c0] ref P L0: 70.3%  5.0% 13.1% 11.6%
[libx264 @ 0000029f130b94c0] ref B L0: 78.1% 15.0%  6.9%
[libx264 @ 0000029f130b94c0] ref B L1: 98.0%  2.0%
[libx264 @ 0000029f130b94c0] kb/s:541.89
ffmpeg version 7.1-essentials_build-www.gyan.dev Copyright (c) 2000-2024 the FFmpeg developers
  built with gcc 14.2.0 (Rev1, Built by MSYS2 project)
  configuration: --enable-gpl --enable-version3 --enable-static --disable-w32threads --disable-autodetect --enable-fontconfig --enable-iconv --enable-gnutls --enable-libxml2 --enable-gmp --enable-bzlib --enable-lzma --enable-zlib --enable-libsrt --enable-libssh --enable-libzmq --enable-avisynth --enable-sdl2 --enable-libwebp --enable-libx264 --enable-libx265 --enable-libxvid --enable-libaom --enable-libopenjpeg --enable-libvpx --enable-mediafoundation --enable-libass --enable-libfreetype --enable-libfribidi --enable-libharfbuzz --enable-libvidstab --enable-libvmaf --enable-libzimg --enable-amf --enable-cuda-llvm --enable-cuvid --enable-dxva2 --enable-d3d11va --enable-d3d12va --enable-ffnvcodec --enable-libvpl --enable-nvdec --enable-nvenc --enable-vaapi --enable-libgme --enable-libopenmpt --enable-libopencore-amrwb --enable-libmp3lame --enable-libtheora --enable-libvo-amrwbenc --enable-libgsm --enable-libopencore-amrnb --enable-libopus --enable-libspeex --enable-libvorbis --enable-librubberband
  libavutil      59. 39.100 / 59. 39.100
  libavcodec     61. 19.100 / 61. 19.100
  libavformat    61.  7.100 / 61.  7.100
  libavdevice    61.  3.100 / 61.  3.100
  libavfilter    10.  4.100 / 10.  4.100
  libswscale      8.  3.100 /  8.  3.100
  libswresample   5.  3.100 /  5.  3.100
  libpostproc    58.  3.100 / 58.  3.100
Input #0, png_pipe, from 'C:\Codex\260829_youtube-anshin\episodes\010_myna_app_registration\assets\scenes\scene_012.png':
  Duration: N/A, bitrate: N/A
  Stream #0:0: Video: png, rgb24(pc, gbr/unknown/unknown), 1920x1080, 25 fps, 25 tbr, 25 tbn
Stream mapping:
  Stream #0:0 -> #0:0 (png (native) -> h264 (libx264))
Press [q] to stop, [?] for help
[libx264 @ 0000029a8f3e0940] using cpu capabilities: MMX2 SSE2Fast SSSE3 SSE4.2 AVX FMA3 BMI2 AVX2
[libx264 @ 0000029a8f3e0940] profile High, level 4.0, 4:2:0, 8-bit
[libx264 @ 0000029a8f3e0940] 264 - core 164 r3192 c24e06c - H.264/MPEG-4 AVC codec - Copyleft 2003-2024 - http://www.videolan.org/x264.html - options: cabac=1 ref=3 deblock=1:0:0 analyse=0x3:0x113 me=hex subme=7 psy=1 psy_rd=1.00:0.00 mixed_ref=1 me_range=16 chroma_me=1 trellis=1 8x8dct=1 cqm=0 deadzone=21,11 fast_pskip=1 chroma_qp_offset=-2 threads=9 lookahead_threads=1 sliced_threads=0 nr=0 decimate=1 interlaced=0 bluray_compat=0 constrained_intra=0 bframes=3 b_pyramid=2 b_adapt=1 b_bias=0 direct=1 weightb=1 open_gop=0 weightp=2 keyint=250 keyint_min=25 scenecut=40 intra_refresh=0 rc_lookahead=40 rc=crf mbtree=1 crf=18.0 qcomp=0.60 qpmin=0 qpmax=69 qpstep=4 ip_ratio=1.40 aq=1:1.00
Output #0, mp4, to 'C:\Codex\260829_youtube-anshin\episodes\010_myna_app_registration\work\draft_v1_build\video_clips\scene_012.mp4':
  Metadata:
    encoder         : Lavf61.7.100
  Stream #0:0: Video: h264 (avc1 / 0x31637661), yuv420p(tv, progressive), 1920x1080, q=2-31, 30 fps, 15360 tbn
      Metadata:
        encoder         : Lavc61.19.100 libx264
      Side data:
        cpb: bitrate max/min/avg: 0/0/0 buffer size: 0 vbv_delay: N/A
frame=    0 fps=0.0 q=0.0 size=       0KiB time=N/A bitrate=N/A speed=N/A    
frame=   21 fps= 20 q=24.0 size=       0KiB time=00:00:00.63 bitrate=   0.6kbits/s speed=0.613x    
frame=   61 fps= 39 q=24.0 size=       0KiB time=00:00:01.96 bitrate=   0.2kbits/s speed=1.26x    
frame=  101 fps= 48 q=24.0 size=       0KiB time=00:00:03.30 bitrate=   0.1kbits/s speed=1.58x    
frame=  143 fps= 54 q=24.0 size=       0KiB time=00:00:04.70 bitrate=   0.1kbits/s speed=1.78x    
frame=  177 fps= 56 q=24.0 size=       0KiB time=00:00:05.83 bitrate=   0.1kbits/s speed=1.84x    
frame=  215 fps= 58 q=24.0 size=       0KiB time=00:00:07.10 bitrate=   0.1kbits/s speed=1.91x    
frame=  243 fps= 57 q=21.0 size=       0KiB time=00:00:08.03 bitrate=   0.0kbits/s speed= 1.9x    
frame=  279 fps= 59 q=24.0 size=     256KiB time=00:00:09.23 bitrate= 227.2kbits/s speed=1.95x    
frame=  320 fps= 61 q=24.0 size=     256KiB time=00:00:10.60 bitrate= 197.9kbits/s speed=2.02x    
frame=  363 fps= 63 q=24.0 size=     256KiB time=00:00:12.03 bitrate= 174.3kbits/s speed=2.09x    
frame=  407 fps= 65 q=24.0 size=     256KiB time=00:00:13.50 bitrate= 155.4kbits/s speed=2.15x    
[out#0/mp4 @ 0000029a90565bc0] video:441KiB audio:0KiB subtitle:0KiB other streams:0KiB global headers:0KiB muxing overhead: 1.468273%
frame=  482 fps= 71 q=-1.0 Lsize=     448KiB time=00:00:16.00 bitrate= 229.2kbits/s speed=2.37x    
[libx264 @ 0000029a8f3e0940] frame I:2     Avg QP: 6.92  size:183244
[libx264 @ 0000029a8f3e0940] frame P:121   Avg QP: 9.56  size:   418
[libx264 @ 0000029a8f3e0940] frame B:359   Avg QP:14.50  size:    94
[libx264 @ 0000029a8f3e0940] consecutive B-frames:  0.6%  0.0%  0.6% 98.8%
[libx264 @ 0000029a8f3e0940] mb I  I16..4: 50.4% 33.2% 16.4%
[libx264 @ 0000029a8f3e0940] mb P  I16..4:  0.0%  0.0%  0.0%  P16..4:  1.1%  0.0%  0.0%  0.0%  0.0%    skip:98.8%
[libx264 @ 0000029a8f3e0940] mb B  I16..4:  0.0%  0.0%  0.0%  B16..8:  0.3%  0.0%  0.0%  direct: 0.0%  skip:99.7%  L0:49.4% L1:50.6% BI: 0.0%
[libx264 @ 0000029a8f3e0940] 8x8 transform intra:33.6% inter:90.2%
[libx264 @ 0000029a8f3e0940] coded y,uvDC,uvAC intra: 48.7% 53.6% 52.0% inter: 0.1% 0.1% 0.0%
[libx264 @ 0000029a8f3e0940] i16 v,h,dc,p: 79%  9% 10%  2%
[libx264 @ 0000029a8f3e0940] i8 v,h,dc,ddl,ddr,vr,hd,vl,hu: 20% 16% 51%  3%  2%  1%  2%  2%  4%
[libx264 @ 0000029a8f3e0940] i4 v,h,dc,ddl,ddr,vr,hd,vl,hu: 39% 23% 15%  5%  4%  3%  3%  4%  3%
[libx264 @ 0000029a8f3e0940] i8c dc,h,v,p: 73% 13% 10%  3%
[libx264 @ 0000029a8f3e0940] Weighted P-Frames: Y:0.0% UV:0.0%
[libx264 @ 0000029a8f3e0940] ref P L0: 97.7%  0.0%  2.1%  0.2%
[libx264 @ 0000029a8f3e0940] ref B L0: 16.2% 83.7%  0.1%
[libx264 @ 0000029a8f3e0940] ref B L1: 91.2%  8.8%
[libx264 @ 0000029a8f3e0940] kb/s:224.56
ffmpeg version 7.1-essentials_build-www.gyan.dev Copyright (c) 2000-2024 the FFmpeg developers
  built with gcc 14.2.0 (Rev1, Built by MSYS2 project)
  configuration: --enable-gpl --enable-version3 --enable-static --disable-w32threads --disable-autodetect --enable-fontconfig --enable-iconv --enable-gnutls --enable-libxml2 --enable-gmp --enable-bzlib --enable-lzma --enable-zlib --enable-libsrt --enable-libssh --enable-libzmq --enable-avisynth --enable-sdl2 --enable-libwebp --enable-libx264 --enable-libx265 --enable-libxvid --enable-libaom --enable-libopenjpeg --enable-libvpx --enable-mediafoundation --enable-libass --enable-libfreetype --enable-libfribidi --enable-libharfbuzz --enable-libvidstab --enable-libvmaf --enable-libzimg --enable-amf --enable-cuda-llvm --enable-cuvid --enable-dxva2 --enable-d3d11va --enable-d3d12va --enable-ffnvcodec --enable-libvpl --enable-nvdec --enable-nvenc --enable-vaapi --enable-libgme --enable-libopenmpt --enable-libopencore-amrwb --enable-libmp3lame --enable-libtheora --enable-libvo-amrwbenc --enable-libgsm --enable-libopencore-amrnb --enable-libopus --enable-libspeex --enable-libvorbis --enable-librubberband
  libavutil      59. 39.100 / 59. 39.100
  libavcodec     61. 19.100 / 61. 19.100
  libavformat    61.  7.100 / 61.  7.100
  libavdevice    61.  3.100 / 61.  3.100
  libavfilter    10.  4.100 / 10.  4.100
  libswscale      8.  3.100 /  8.  3.100
  libswresample   5.  3.100 /  5.  3.100
  libpostproc    58.  3.100 / 58.  3.100
Input #0, png_pipe, from 'C:\Codex\260829_youtube-anshin\episodes\010_myna_app_registration\assets\scenes\scene_013.png':
  Duration: N/A, bitrate: N/A
  Stream #0:0: Video: png, rgb24(pc, gbr/unknown/unknown), 1920x1080, 25 fps, 25 tbr, 25 tbn
Stream mapping:
  Stream #0:0 -> #0:0 (png (native) -> h264 (libx264))
Press [q] to stop, [?] for help
[libx264 @ 000001ae988acd00] using cpu capabilities: MMX2 SSE2Fast SSSE3 SSE4.2 AVX FMA3 BMI2 AVX2
[libx264 @ 000001ae988acd00] profile High, level 4.0, 4:2:0, 8-bit
[libx264 @ 000001ae988acd00] 264 - core 164 r3192 c24e06c - H.264/MPEG-4 AVC codec - Copyleft 2003-2024 - http://www.videolan.org/x264.html - options: cabac=1 ref=3 deblock=1:0:0 analyse=0x3:0x113 me=hex subme=7 psy=1 psy_rd=1.00:0.00 mixed_ref=1 me_range=16 chroma_me=1 trellis=1 8x8dct=1 cqm=0 deadzone=21,11 fast_pskip=1 chroma_qp_offset=-2 threads=9 lookahead_threads=1 sliced_threads=0 nr=0 decimate=1 interlaced=0 bluray_compat=0 constrained_intra=0 bframes=3 b_pyramid=2 b_adapt=1 b_bias=0 direct=1 weightb=1 open_gop=0 weightp=2 keyint=250 keyint_min=25 scenecut=40 intra_refresh=0 rc_lookahead=40 rc=crf mbtree=1 crf=18.0 qcomp=0.60 qpmin=0 qpmax=69 qpstep=4 ip_ratio=1.40 aq=1:1.00
Output #0, mp4, to 'C:\Codex\260829_youtube-anshin\episodes\010_myna_app_registration\work\draft_v1_build\video_clips\scene_013.mp4':
  Metadata:
    encoder         : Lavf61.7.100
  Stream #0:0: Video: h264 (avc1 / 0x31637661), yuv420p(tv, progressive), 1920x1080, q=2-31, 30 fps, 15360 tbn
      Metadata:
        encoder         : Lavc61.19.100 libx264
      Side data:
        cpb: bitrate max/min/avg: 0/0/0 buffer size: 0 vbv_delay: N/A
frame=    0 fps=0.0 q=0.0 size=       0KiB time=N/A bitrate=N/A speed=N/A    
frame=   29 fps= 28 q=24.0 size=       0KiB time=00:00:00.90 bitrate=   0.4kbits/s speed=0.866x    
frame=   69 fps= 44 q=24.0 size=       0KiB time=00:00:02.23 bitrate=   0.2kbits/s speed=1.43x    
frame=  109 fps= 53 q=24.0 size=       0KiB time=00:00:03.56 bitrate=   0.1kbits/s speed=1.73x    
frame=  149 fps= 57 q=24.0 size=       0KiB time=00:00:04.90 bitrate=   0.1kbits/s speed=1.88x    
frame=  189 fps= 60 q=24.0 size=       0KiB time=00:00:06.23 bitrate=   0.1kbits/s speed=1.99x    
frame=  225 fps= 61 q=24.0 size=       0KiB time=00:00:07.43 bitrate=   0.1kbits/s speed=2.03x    
frame=  261 fps= 62 q=24.0 size=     256KiB time=00:00:08.63 bitrate= 243.0kbits/s speed=2.07x    
[out#0/mp4 @ 000001ae97f2fcc0] video:422KiB audio:0KiB subtitle:0KiB other streams:0KiB global headers:0KiB muxing overhead: 1.098090%
frame=  324 fps= 72 q=-1.0 Lsize=     427KiB time=00:00:10.73 bitrate= 325.5kbits/s speed=2.37x    
[libx264 @ 000001ae988acd00] frame I:2     Avg QP: 8.09  size:176793
[libx264 @ 000001ae988acd00] frame P:82    Avg QP: 9.04  size:   634
[libx264 @ 000001ae988acd00] frame B:240   Avg QP:14.47  size:   107
[libx264 @ 000001ae988acd00] consecutive B-frames:  1.2%  0.0%  0.0% 98.8%
[libx264 @ 000001ae988acd00] mb I  I16..4: 38.7% 44.1% 17.2%
[libx264 @ 000001ae988acd00] mb P  I16..4:  0.3%  0.0%  0.0%  P16..4:  1.7%  0.0%  0.1%  0.0%  0.0%    skip:97.9%
[libx264 @ 000001ae988acd00] mb B  I16..4:  0.0%  0.0%  0.0%  B16..8:  0.5%  0.0%  0.0%  direct: 0.0%  skip:99.5%  L0:57.8% L1:42.2% BI: 0.0%
[libx264 @ 000001ae988acd00] 8x8 transform intra:39.2% inter:90.9%
[libx264 @ 000001ae988acd00] coded y,uvDC,uvAC intra: 45.2% 54.0% 49.0% inter: 0.1% 0.1% 0.0%
[libx264 @ 000001ae988acd00] i16 v,h,dc,p: 50% 40%  8%  2%
[libx264 @ 000001ae988acd00] i8 v,h,dc,ddl,ddr,vr,hd,vl,hu: 21% 31% 37%  3%  1%  1%  2%  1%  3%
[libx264 @ 000001ae988acd00] i4 v,h,dc,ddl,ddr,vr,hd,vl,hu: 34% 30% 16%  4%  4%  3%  3%  3%  3%
[libx264 @ 000001ae988acd00] i8c dc,h,v,p: 63% 28%  6%  3%
[libx264 @ 000001ae988acd00] Weighted P-Frames: Y:0.0% UV:0.0%
[libx264 @ 000001ae988acd00] ref P L0: 97.7%  0.0%  2.1%  0.2%
[libx264 @ 000001ae988acd00] ref B L0: 13.4% 86.5%  0.1%
[libx264 @ 000001ae988acd00] ref B L1: 89.5% 10.5%
[libx264 @ 000001ae988acd00] kb/s:319.51
ffmpeg version 7.1-essentials_build-www.gyan.dev Copyright (c) 2000-2024 the FFmpeg developers
  built with gcc 14.2.0 (Rev1, Built by MSYS2 project)
  configuration: --enable-gpl --enable-version3 --enable-static --disable-w32threads --disable-autodetect --enable-fontconfig --enable-iconv --enable-gnutls --enable-libxml2 --enable-gmp --enable-bzlib --enable-lzma --enable-zlib --enable-libsrt --enable-libssh --enable-libzmq --enable-avisynth --enable-sdl2 --enable-libwebp --enable-libx264 --enable-libx265 --enable-libxvid --enable-libaom --enable-libopenjpeg --enable-libvpx --enable-mediafoundation --enable-libass --enable-libfreetype --enable-libfribidi --enable-libharfbuzz --enable-libvidstab --enable-libvmaf --enable-libzimg --enable-amf --enable-cuda-llvm --enable-cuvid --enable-dxva2 --enable-d3d11va --enable-d3d12va --enable-ffnvcodec --enable-libvpl --enable-nvdec --enable-nvenc --enable-vaapi --enable-libgme --enable-libopenmpt --enable-libopencore-amrwb --enable-libmp3lame --enable-libtheora --enable-libvo-amrwbenc --enable-libgsm --enable-libopencore-amrnb --enable-libopus --enable-libspeex --enable-libvorbis --enable-librubberband
  libavutil      59. 39.100 / 59. 39.100
  libavcodec     61. 19.100 / 61. 19.100
  libavformat    61.  7.100 / 61.  7.100
  libavdevice    61.  3.100 / 61.  3.100
  libavfilter    10.  4.100 / 10.  4.100
  libswscale      8.  3.100 /  8.  3.100
  libswresample   5.  3.100 /  5.  3.100
  libpostproc    58.  3.100 / 58.  3.100
Input #0, png_pipe, from 'C:\Codex\260829_youtube-anshin\episodes\010_myna_app_registration\assets\scenes\scene_014.png':
  Duration: N/A, bitrate: N/A
  Stream #0:0: Video: png, rgb24(pc, gbr/unknown/unknown), 1920x1080, 25 fps, 25 tbr, 25 tbn
Stream mapping:
  Stream #0:0 -> #0:0 (png (native) -> h264 (libx264))
Press [q] to stop, [?] for help
[libx264 @ 000001fdea2d1000] using cpu capabilities: MMX2 SSE2Fast SSSE3 SSE4.2 AVX FMA3 BMI2 AVX2
[libx264 @ 000001fdea2d1000] profile High, level 4.0, 4:2:0, 8-bit
[libx264 @ 000001fdea2d1000] 264 - core 164 r3192 c24e06c - H.264/MPEG-4 AVC codec - Copyleft 2003-2024 - http://www.videolan.org/x264.html - options: cabac=1 ref=3 deblock=1:0:0 analyse=0x3:0x113 me=hex subme=7 psy=1 psy_rd=1.00:0.00 mixed_ref=1 me_range=16 chroma_me=1 trellis=1 8x8dct=1 cqm=0 deadzone=21,11 fast_pskip=1 chroma_qp_offset=-2 threads=9 lookahead_threads=1 sliced_threads=0 nr=0 decimate=1 interlaced=0 bluray_compat=0 constrained_intra=0 bframes=3 b_pyramid=2 b_adapt=1 b_bias=0 direct=1 weightb=1 open_gop=0 weightp=2 keyint=250 keyint_min=25 scenecut=40 intra_refresh=0 rc_lookahead=40 rc=crf mbtree=1 crf=18.0 qcomp=0.60 qpmin=0 qpmax=69 qpstep=4 ip_ratio=1.40 aq=1:1.00
Output #0, mp4, to 'C:\Codex\260829_youtube-anshin\episodes\010_myna_app_registration\work\draft_v1_build\video_clips\scene_014.mp4':
  Metadata:
    encoder         : Lavf61.7.100
  Stream #0:0: Video: h264 (avc1 / 0x31637661), yuv420p(tv, progressive), 1920x1080, q=2-31, 30 fps, 15360 tbn
      Metadata:
        encoder         : Lavc61.19.100 libx264
      Side data:
        cpb: bitrate max/min/avg: 0/0/0 buffer size: 0 vbv_delay: N/A
frame=    0 fps=0.0 q=0.0 size=       0KiB time=N/A bitrate=N/A speed=N/A    
frame=   24 fps= 23 q=24.0 size=       0KiB time=00:00:00.73 bitrate=   0.5kbits/s speed=0.706x    
frame=   59 fps= 38 q=24.0 size=       0KiB time=00:00:01.90 bitrate=   0.2kbits/s speed=1.21x    
frame=  116 fps= 56 q=24.0 size=       0KiB time=00:00:03.80 bitrate=   0.1kbits/s speed=1.83x    
[out#0/mp4 @ 000001fdea7904c0] video:220KiB audio:0KiB subtitle:0KiB other streams:0KiB global headers:0KiB muxing overhead: 1.101048%
frame=  135 fps= 62 q=-1.0 Lsize=     222KiB time=00:00:04.43 bitrate= 410.9kbits/s speed=2.04x    
[libx264 @ 000001fdea2d1000] frame I:1     Avg QP: 7.44  size:179276
[libx264 @ 000001fdea2d1000] frame P:34    Avg QP: 7.74  size:   993
[libx264 @ 000001fdea2d1000] frame B:100   Avg QP:14.38  size:   115
[libx264 @ 000001fdea2d1000] consecutive B-frames:  0.7%  1.5%  0.0% 97.8%
[libx264 @ 000001fdea2d1000] mb I  I16..4: 23.2% 64.5% 12.3%
[libx264 @ 000001fdea2d1000] mb P  I16..4:  0.0%  0.0%  0.0%  P16..4:  3.2%  0.1%  0.2%  0.0%  0.0%    skip:96.5%
[libx264 @ 000001fdea2d1000] mb B  I16..4:  0.0%  0.0%  0.0%  B16..8:  0.7%  0.0%  0.0%  direct: 0.0%  skip:99.3%  L0:42.8% L1:57.2% BI: 0.0%
[libx264 @ 000001fdea2d1000] 8x8 transform intra:63.9% inter:86.8%
[libx264 @ 000001fdea2d1000] coded y,uvDC,uvAC intra: 72.1% 74.3% 72.9% inter: 0.3% 0.1% 0.0%
[libx264 @ 000001fdea2d1000] i16 v,h,dc,p: 73% 10% 13%  4%
[libx264 @ 000001fdea2d1000] i8 v,h,dc,ddl,ddr,vr,hd,vl,hu: 18% 16% 50%  4%  2%  1%  2%  2%  4%
[libx264 @ 000001fdea2d1000] i4 v,h,dc,ddl,ddr,vr,hd,vl,hu: 36% 25% 16%  5%  4%  3%  4%  3%  4%
[libx264 @ 000001fdea2d1000] i8c dc,h,v,p: 75% 13%  7%  5%
[libx264 @ 000001fdea2d1000] Weighted P-Frames: Y:0.0% UV:0.0%
[libx264 @ 000001fdea2d1000] ref P L0: 98.5%  0.0%  1.2%  0.3%
[libx264 @ 000001fdea2d1000] ref B L0:  7.4% 92.6%
[libx264 @ 000001fdea2d1000] ref B L1: 93.5%  6.5%
[libx264 @ 000001fdea2d1000] kb/s:399.20
ffmpeg version 7.1-essentials_build-www.gyan.dev Copyright (c) 2000-2024 the FFmpeg developers
  built with gcc 14.2.0 (Rev1, Built by MSYS2 project)
  configuration: --enable-gpl --enable-version3 --enable-static --disable-w32threads --disable-autodetect --enable-fontconfig --enable-iconv --enable-gnutls --enable-libxml2 --enable-gmp --enable-bzlib --enable-lzma --enable-zlib --enable-libsrt --enable-libssh --enable-libzmq --enable-avisynth --enable-sdl2 --enable-libwebp --enable-libx264 --enable-libx265 --enable-libxvid --enable-libaom --enable-libopenjpeg --enable-libvpx --enable-mediafoundation --enable-libass --enable-libfreetype --enable-libfribidi --enable-libharfbuzz --enable-libvidstab --enable-libvmaf --enable-libzimg --enable-amf --enable-cuda-llvm --enable-cuvid --enable-dxva2 --enable-d3d11va --enable-d3d12va --enable-ffnvcodec --enable-libvpl --enable-nvdec --enable-nvenc --enable-vaapi --enable-libgme --enable-libopenmpt --enable-libopencore-amrwb --enable-libmp3lame --enable-libtheora --enable-libvo-amrwbenc --enable-libgsm --enable-libopencore-amrnb --enable-libopus --enable-libspeex --enable-libvorbis --enable-librubberband
  libavutil      59. 39.100 / 59. 39.100
  libavcodec     61. 19.100 / 61. 19.100
  libavformat    61.  7.100 / 61.  7.100
  libavdevice    61.  3.100 / 61.  3.100
  libavfilter    10.  4.100 / 10.  4.100
  libswscale      8.  3.100 /  8.  3.100
  libswresample   5.  3.100 /  5.  3.100
  libpostproc    58.  3.100 / 58.  3.100
Input #0, png_pipe, from 'C:\Codex\260829_youtube-anshin\episodes\010_myna_app_registration\assets\scenes\scene_015.png':
  Duration: N/A, bitrate: N/A
  Stream #0:0: Video: png, rgb24(pc, gbr/unknown/unknown), 1920x1080, 25 fps, 25 tbr, 25 tbn
Stream mapping:
  Stream #0:0 -> #0:0 (png (native) -> h264 (libx264))
Press [q] to stop, [?] for help
[libx264 @ 000001fd9fc39200] using cpu capabilities: MMX2 SSE2Fast SSSE3 SSE4.2 AVX FMA3 BMI2 AVX2
[libx264 @ 000001fd9fc39200] profile High, level 4.0, 4:2:0, 8-bit
[libx264 @ 000001fd9fc39200] 264 - core 164 r3192 c24e06c - H.264/MPEG-4 AVC codec - Copyleft 2003-2024 - http://www.videolan.org/x264.html - options: cabac=1 ref=3 deblock=1:0:0 analyse=0x3:0x113 me=hex subme=7 psy=1 psy_rd=1.00:0.00 mixed_ref=1 me_range=16 chroma_me=1 trellis=1 8x8dct=1 cqm=0 deadzone=21,11 fast_pskip=1 chroma_qp_offset=-2 threads=9 lookahead_threads=1 sliced_threads=0 nr=0 decimate=1 interlaced=0 bluray_compat=0 constrained_intra=0 bframes=3 b_pyramid=2 b_adapt=1 b_bias=0 direct=1 weightb=1 open_gop=0 weightp=2 keyint=250 keyint_min=25 scenecut=40 intra_refresh=0 rc_lookahead=40 rc=crf mbtree=1 crf=18.0 qcomp=0.60 qpmin=0 qpmax=69 qpstep=4 ip_ratio=1.40 aq=1:1.00
Output #0, mp4, to 'C:\Codex\260829_youtube-anshin\episodes\010_myna_app_registration\work\draft_v1_build\video_clips\scene_015.mp4':
  Metadata:
    encoder         : Lavf61.7.100
  Stream #0:0: Video: h264 (avc1 / 0x31637661), yuv420p(tv, progressive), 1920x1080, q=2-31, 30 fps, 15360 tbn
      Metadata:
        encoder         : Lavc61.19.100 libx264
      Side data:
        cpb: bitrate max/min/avg: 0/0/0 buffer size: 0 vbv_delay: N/A
frame=    0 fps=0.0 q=0.0 size=       0KiB time=N/A bitrate=N/A speed=N/A    
frame=   23 fps= 22 q=24.0 size=       0KiB time=00:00:00.70 bitrate=   0.5kbits/s speed=0.678x    
frame=   61 fps= 39 q=24.0 size=     256KiB time=00:00:01.96 bitrate=1066.5kbits/s speed=1.25x    
frame=   95 fps= 45 q=24.0 size=     256KiB time=00:00:03.10 bitrate= 676.6kbits/s speed=1.48x    
frame=  149 fps= 57 q=24.0 size=     512KiB time=00:00:04.90 bitrate= 856.1kbits/s speed=1.88x    
frame=  221 fps= 70 q=24.0 size=     768KiB time=00:00:07.26 bitrate= 865.8kbits/s speed=2.32x    
frame=  294 fps= 80 q=24.0 size=     768KiB time=00:00:09.73 bitrate= 646.4kbits/s speed=2.66x    
frame=  375 fps= 90 q=24.0 size=     768KiB time=00:00:12.43 bitrate= 506.0kbits/s speed=2.99x    
[out#0/mp4 @ 000001fda210fcc0] video:904KiB audio:0KiB subtitle:0KiB other streams:0KiB global headers:0KiB muxing overhead: 0.636396%
frame=  428 fps= 99 q=-1.0 Lsize=     909KiB time=00:00:14.20 bitrate= 524.6kbits/s speed= 3.3x    
[libx264 @ 000001fd9fc39200] frame I:2     Avg QP: 9.27  size: 50462
[libx264 @ 000001fd9fc39200] frame P:130   Avg QP:18.71  size:  5426
[libx264 @ 000001fd9fc39200] frame B:296   Avg QP:22.65  size:   399
[libx264 @ 000001fd9fc39200] consecutive B-frames:  5.4%  4.2%  9.1% 81.3%
[libx264 @ 000001fd9fc39200] mb I  I16..4: 61.0% 29.4%  9.6%
[libx264 @ 000001fd9fc39200] mb P  I16..4:  1.9%  0.3%  0.1%  P16..4:  3.5%  1.0%  0.8%  0.0%  0.0%    skip:92.4%
[libx264 @ 000001fd9fc39200] mb B  I16..4:  0.2%  0.1%  0.0%  B16..8:  3.0%  0.1%  0.0%  direct: 0.1%  skip:96.5%  L0:51.3% L1:44.2% BI: 4.6%
[libx264 @ 000001fd9fc39200] 8x8 transform intra:19.4% inter:38.3%
[libx264 @ 000001fd9fc39200] coded y,uvDC,uvAC intra: 5.0% 5.5% 4.2% inter: 0.9% 0.5% 0.3%
[libx264 @ 000001fd9fc39200] i16 v,h,dc,p: 48% 51%  1%  0%
[libx264 @ 000001fd9fc39200] i8 v,h,dc,ddl,ddr,vr,hd,vl,hu: 10% 33% 57%  0%  0%  0%  0%  0%  0%
[libx264 @ 000001fd9fc39200] i4 v,h,dc,ddl,ddr,vr,hd,vl,hu: 29% 38% 20%  2%  2%  2%  2%  3%  2%
[libx264 @ 000001fd9fc39200] i8c dc,h,v,p: 53% 37% 10%  0%
[libx264 @ 000001fd9fc39200] Weighted P-Frames: Y:0.0% UV:0.0%
[libx264 @ 000001fd9fc39200] ref P L0: 71.3%  5.2% 12.0% 11.5%
[libx264 @ 000001fd9fc39200] ref B L0: 77.7% 15.1%  7.2%
[libx264 @ 000001fd9fc39200] ref B L1: 98.2%  1.8%
[libx264 @ 000001fd9fc39200] kb/s:518.42
ffmpeg version 7.1-essentials_build-www.gyan.dev Copyright (c) 2000-2024 the FFmpeg developers
  built with gcc 14.2.0 (Rev1, Built by MSYS2 project)
  configuration: --enable-gpl --enable-version3 --enable-static --disable-w32threads --disable-autodetect --enable-fontconfig --enable-iconv --enable-gnutls --enable-libxml2 --enable-gmp --enable-bzlib --enable-lzma --enable-zlib --enable-libsrt --enable-libssh --enable-libzmq --enable-avisynth --enable-sdl2 --enable-libwebp --enable-libx264 --enable-libx265 --enable-libxvid --enable-libaom --enable-libopenjpeg --enable-libvpx --enable-mediafoundation --enable-libass --enable-libfreetype --enable-libfribidi --enable-libharfbuzz --enable-libvidstab --enable-libvmaf --enable-libzimg --enable-amf --enable-cuda-llvm --enable-cuvid --enable-dxva2 --enable-d3d11va --enable-d3d12va --enable-ffnvcodec --enable-libvpl --enable-nvdec --enable-nvenc --enable-vaapi --enable-libgme --enable-libopenmpt --enable-libopencore-amrwb --enable-libmp3lame --enable-libtheora --enable-libvo-amrwbenc --enable-libgsm --enable-libopencore-amrnb --enable-libopus --enable-libspeex --enable-libvorbis --enable-librubberband
  libavutil      59. 39.100 / 59. 39.100
  libavcodec     61. 19.100 / 61. 19.100
  libavformat    61.  7.100 / 61.  7.100
  libavdevice    61.  3.100 / 61.  3.100
  libavfilter    10.  4.100 / 10.  4.100
  libswscale      8.  3.100 /  8.  3.100
  libswresample   5.  3.100 /  5.  3.100
  libpostproc    58.  3.100 / 58.  3.100
Input #0, png_pipe, from 'C:\Codex\260829_youtube-anshin\episodes\010_myna_app_registration\assets\scenes\scene_016.png':
  Duration: N/A, bitrate: N/A
  Stream #0:0: Video: png, rgb24(pc, gbr/unknown/unknown), 1920x1080, 25 fps, 25 tbr, 25 tbn
Stream mapping:
  Stream #0:0 -> #0:0 (png (native) -> h264 (libx264))
Press [q] to stop, [?] for help
[libx264 @ 0000028928f09200] using cpu capabilities: MMX2 SSE2Fast SSSE3 SSE4.2 AVX FMA3 BMI2 AVX2
[libx264 @ 0000028928f09200] profile High, level 4.0, 4:2:0, 8-bit
[libx264 @ 0000028928f09200] 264 - core 164 r3192 c24e06c - H.264/MPEG-4 AVC codec - Copyleft 2003-2024 - http://www.videolan.org/x264.html - options: cabac=1 ref=3 deblock=1:0:0 analyse=0x3:0x113 me=hex subme=7 psy=1 psy_rd=1.00:0.00 mixed_ref=1 me_range=16 chroma_me=1 trellis=1 8x8dct=1 cqm=0 deadzone=21,11 fast_pskip=1 chroma_qp_offset=-2 threads=9 lookahead_threads=1 sliced_threads=0 nr=0 decimate=1 interlaced=0 bluray_compat=0 constrained_intra=0 bframes=3 b_pyramid=2 b_adapt=1 b_bias=0 direct=1 weightb=1 open_gop=0 weightp=2 keyint=250 keyint_min=25 scenecut=40 intra_refresh=0 rc_lookahead=40 rc=crf mbtree=1 crf=18.0 qcomp=0.60 qpmin=0 qpmax=69 qpstep=4 ip_ratio=1.40 aq=1:1.00
Output #0, mp4, to 'C:\Codex\260829_youtube-anshin\episodes\010_myna_app_registration\work\draft_v1_build\video_clips\scene_016.mp4':
  Metadata:
    encoder         : Lavf61.7.100
  Stream #0:0: Video: h264 (avc1 / 0x31637661), yuv420p(tv, progressive), 1920x1080, q=2-31, 30 fps, 15360 tbn
      Metadata:
        encoder         : Lavc61.19.100 libx264
      Side data:
        cpb: bitrate max/min/avg: 0/0/0 buffer size: 0 vbv_delay: N/A
frame=    0 fps=0.0 q=0.0 size=       0KiB time=N/A bitrate=N/A speed=N/A    
frame=    3 fps=2.9 q=24.0 size=       0KiB time=00:00:00.03 bitrate=  11.5kbits/s speed=0.0323x    
frame=   42 fps= 27 q=24.0 size=       0KiB time=00:00:01.33 bitrate=   0.3kbits/s speed=0.858x    
frame=   81 fps= 39 q=24.0 size=     256KiB time=00:00:02.63 bitrate= 796.5kbits/s speed=1.27x    
frame=  122 fps= 47 q=24.0 size=     512KiB time=00:00:04.00 bitrate=1048.7kbits/s speed=1.55x    
frame=  166 fps= 54 q=24.0 size=     512KiB time=00:00:05.46 bitrate= 767.3kbits/s speed=1.76x    
frame=  239 fps= 66 q=24.0 size=     512KiB time=00:00:07.90 bitrate= 531.0kbits/s speed=2.18x    
[out#0/mp4 @ 0000028928ef6b80] video:817KiB audio:0KiB subtitle:0KiB other streams:0KiB global headers:0KiB muxing overhead: 0.474331%
frame=  268 fps= 72 q=-1.0 Lsize=     821KiB time=00:00:08.86 bitrate= 758.4kbits/s speed=2.39x    
[libx264 @ 0000028928f09200] frame I:2     Avg QP:10.74  size: 45124
[libx264 @ 0000028928f09200] frame P:90    Avg QP:17.67  size:  7100
[libx264 @ 0000028928f09200] frame B:176   Avg QP:22.77  size:   606
[libx264 @ 0000028928f09200] consecutive B-frames:  8.6%  6.7% 14.6% 70.1%
[libx264 @ 0000028928f09200] mb I  I16..4: 52.9% 37.7%  9.3%
[libx264 @ 0000028928f09200] mb P  I16..4:  2.9%  0.4%  0.2%  P16..4:  4.7%  1.5%  1.1%  0.0%  0.0%    skip:89.1%
[libx264 @ 0000028928f09200] mb B  I16..4:  0.4%  0.1%  0.0%  B16..8:  5.0%  0.2%  0.0%  direct: 0.1%  skip:94.2%  L0:50.6% L1:45.3% BI: 4.0%
[libx264 @ 0000028928f09200] 8x8 transform intra:22.5% inter:36.3%
[libx264 @ 0000028928f09200] coded y,uvDC,uvAC intra: 4.3% 6.6% 5.3% inter: 1.2% 1.0% 0.6%
[libx264 @ 0000028928f09200] i16 v,h,dc,p: 50% 49%  1%  0%
[libx264 @ 0000028928f09200] i8 v,h,dc,ddl,ddr,vr,hd,vl,hu: 17% 35% 48%  0%  0%  0%  0%  0%  0%
[libx264 @ 0000028928f09200] i4 v,h,dc,ddl,ddr,vr,hd,vl,hu: 29% 37% 20%  3%  2%  2%  2%  3%  2%
[libx264 @ 0000028928f09200] i8c dc,h,v,p: 48% 37% 15%  0%
[libx264 @ 0000028928f09200] Weighted P-Frames: Y:0.0% UV:0.0%
[libx264 @ 0000028928f09200] ref P L0: 70.6%  4.6% 13.0% 11.8%
[libx264 @ 0000028928f09200] ref B L0: 80.4% 13.1%  6.5%
[libx264 @ 0000028928f09200] ref B L1: 98.1%  1.9%
[libx264 @ 0000028928f09200] kb/s:748.53
ffmpeg version 7.1-essentials_build-www.gyan.dev Copyright (c) 2000-2024 the FFmpeg developers
  built with gcc 14.2.0 (Rev1, Built by MSYS2 project)
  configuration: --enable-gpl --enable-version3 --enable-static --disable-w32threads --disable-autodetect --enable-fontconfig --enable-iconv --enable-gnutls --enable-libxml2 --enable-gmp --enable-bzlib --enable-lzma --enable-zlib --enable-libsrt --enable-libssh --enable-libzmq --enable-avisynth --enable-sdl2 --enable-libwebp --enable-libx264 --enable-libx265 --enable-libxvid --enable-libaom --enable-libopenjpeg --enable-libvpx --enable-mediafoundation --enable-libass --enable-libfreetype --enable-libfribidi --enable-libharfbuzz --enable-libvidstab --enable-libvmaf --enable-libzimg --enable-amf --enable-cuda-llvm --enable-cuvid --enable-dxva2 --enable-d3d11va --enable-d3d12va --enable-ffnvcodec --enable-libvpl --enable-nvdec --enable-nvenc --enable-vaapi --enable-libgme --enable-libopenmpt --enable-libopencore-amrwb --enable-libmp3lame --enable-libtheora --enable-libvo-amrwbenc --enable-libgsm --enable-libopencore-amrnb --enable-libopus --enable-libspeex --enable-libvorbis --enable-librubberband
  libavutil      59. 39.100 / 59. 39.100
  libavcodec     61. 19.100 / 61. 19.100
  libavformat    61.  7.100 / 61.  7.100
  libavdevice    61.  3.100 / 61.  3.100
  libavfilter    10.  4.100 / 10.  4.100
  libswscale      8.  3.100 /  8.  3.100
  libswresample   5.  3.100 /  5.  3.100
  libpostproc    58.  3.100 / 58.  3.100
Input #0, png_pipe, from 'C:\Codex\260829_youtube-anshin\episodes\010_myna_app_registration\assets\scenes\scene_017.png':
  Duration: N/A, bitrate: N/A
  Stream #0:0: Video: png, rgb24(pc, gbr/unknown/unknown), 1920x1080, 25 fps, 25 tbr, 25 tbn
Stream mapping:
  Stream #0:0 -> #0:0 (png (native) -> h264 (libx264))
Press [q] to stop, [?] for help
[libx264 @ 0000026b11f906c0] using cpu capabilities: MMX2 SSE2Fast SSSE3 SSE4.2 AVX FMA3 BMI2 AVX2
[libx264 @ 0000026b11f906c0] profile High, level 4.0, 4:2:0, 8-bit
[libx264 @ 0000026b11f906c0] 264 - core 164 r3192 c24e06c - H.264/MPEG-4 AVC codec - Copyleft 2003-2024 - http://www.videolan.org/x264.html - options: cabac=1 ref=3 deblock=1:0:0 analyse=0x3:0x113 me=hex subme=7 psy=1 psy_rd=1.00:0.00 mixed_ref=1 me_range=16 chroma_me=1 trellis=1 8x8dct=1 cqm=0 deadzone=21,11 fast_pskip=1 chroma_qp_offset=-2 threads=9 lookahead_threads=1 sliced_threads=0 nr=0 decimate=1 interlaced=0 bluray_compat=0 constrained_intra=0 bframes=3 b_pyramid=2 b_adapt=1 b_bias=0 direct=1 weightb=1 open_gop=0 weightp=2 keyint=250 keyint_min=25 scenecut=40 intra_refresh=0 rc_lookahead=40 rc=crf mbtree=1 crf=18.0 qcomp=0.60 qpmin=0 qpmax=69 qpstep=4 ip_ratio=1.40 aq=1:1.00
Output #0, mp4, to 'C:\Codex\260829_youtube-anshin\episodes\010_myna_app_registration\work\draft_v1_build\video_clips\scene_017.mp4':
  Metadata:
    encoder         : Lavf61.7.100
  Stream #0:0: Video: h264 (avc1 / 0x31637661), yuv420p(tv, progressive), 1920x1080, q=2-31, 30 fps, 15360 tbn
      Metadata:
        encoder         : Lavc61.19.100 libx264
      Side data:
        cpb: bitrate max/min/avg: 0/0/0 buffer size: 0 vbv_delay: N/A
frame=    0 fps=0.0 q=0.0 size=       0KiB time=N/A bitrate=N/A speed=N/A    
frame=    9 fps=8.7 q=24.0 size=       0KiB time=00:00:00.23 bitrate=   1.6kbits/s speed=0.225x    
frame=   33 fps= 21 q=24.0 size=     256KiB time=00:00:01.03 bitrate=2029.9kbits/s speed=0.668x    
frame=   51 fps= 25 q=24.0 size=     512KiB time=00:00:01.63 bitrate=2568.2kbits/s speed=0.793x    
frame=   73 fps= 28 q=24.0 size=     512KiB time=00:00:02.36 bitrate=1772.4kbits/s speed=0.914x    
frame=   97 fps= 31 q=24.0 size=     768KiB time=00:00:03.16 bitrate=1986.9kbits/s speed=1.02x    
frame=  125 fps= 34 q=24.0 size=    1024KiB time=00:00:04.10 bitrate=2046.1kbits/s speed=1.13x    
frame=  154 fps= 37 q=-1.0 size=    1280KiB time=00:00:05.06 bitrate=2069.6kbits/s speed=1.22x    
[out#0/mp4 @ 0000026b11f96b80] video:1349KiB audio:0KiB subtitle:0KiB other streams:0KiB global headers:0KiB muxing overhead: 0.200641%
frame=  158 fps= 38 q=-1.0 Lsize=    1352KiB time=00:00:05.20 bitrate=2129.8kbits/s speed=1.25x    
[libx264 @ 0000026b11f906c0] frame I:1     Avg QP:13.14  size:143282
[libx264 @ 0000026b11f906c0] frame P:40    Avg QP:13.79  size: 21352
[libx264 @ 0000026b11f906c0] frame B:117   Avg QP:17.03  size:  3278
[libx264 @ 0000026b11f906c0] consecutive B-frames:  1.3%  0.0%  0.0% 98.7%
[libx264 @ 0000026b11f906c0] mb I  I16..4:  9.2% 71.5% 19.3%
[libx264 @ 0000026b11f906c0] mb P  I16..4:  0.1%  0.3%  0.0%  P16..4: 44.6% 14.7%  9.6%  0.0%  0.0%    skip:30.7%
[libx264 @ 0000026b11f906c0] mb B  I16..4:  0.0%  0.0%  0.0%  B16..8: 35.3%  0.3%  0.0%  direct: 0.0%  skip:64.3%  L0:46.4% L1:53.0% BI: 0.6%
[libx264 @ 0000026b11f906c0] 8x8 transform intra:72.6% inter:90.0%
[libx264 @ 0000026b11f906c0] coded y,uvDC,uvAC intra: 70.3% 72.4% 55.3% inter: 8.1% 6.5% 1.3%
[libx264 @ 0000026b11f906c0] i16 v,h,dc,p: 33% 25% 12% 29%
[libx264 @ 0000026b11f906c0] i8 v,h,dc,ddl,ddr,vr,hd,vl,hu: 23% 21% 28%  4%  4%  3%  7%  3%  8%
[libx264 @ 0000026b11f906c0] i4 v,h,dc,ddl,ddr,vr,hd,vl,hu: 32% 24%  9%  4%  8%  4% 12%  2%  5%
[libx264 @ 0000026b11f906c0] i8c dc,h,v,p: 52% 27% 13%  8%
[libx264 @ 0000026b11f906c0] Weighted P-Frames: Y:0.0% UV:0.0%
[libx264 @ 0000026b11f906c0] ref P L0: 55.8%  2.7% 20.0% 21.5%
[libx264 @ 0000026b11f906c0] ref B L0: 90.1%  6.9%  3.0%
[libx264 @ 0000026b11f906c0] ref B L1: 95.1%  4.9%
[libx264 @ 0000026b11f906c0] kb/s:2097.54
ffmpeg version 7.1-essentials_build-www.gyan.dev Copyright (c) 2000-2024 the FFmpeg developers
  built with gcc 14.2.0 (Rev1, Built by MSYS2 project)
  configuration: --enable-gpl --enable-version3 --enable-static --disable-w32threads --disable-autodetect --enable-fontconfig --enable-iconv --enable-gnutls --enable-libxml2 --enable-gmp --enable-bzlib --enable-lzma --enable-zlib --enable-libsrt --enable-libssh --enable-libzmq --enable-avisynth --enable-sdl2 --enable-libwebp --enable-libx264 --enable-libx265 --enable-libxvid --enable-libaom --enable-libopenjpeg --enable-libvpx --enable-mediafoundation --enable-libass --enable-libfreetype --enable-libfribidi --enable-libharfbuzz --enable-libvidstab --enable-libvmaf --enable-libzimg --enable-amf --enable-cuda-llvm --enable-cuvid --enable-dxva2 --enable-d3d11va --enable-d3d12va --enable-ffnvcodec --enable-libvpl --enable-nvdec --enable-nvenc --enable-vaapi --enable-libgme --enable-libopenmpt --enable-libopencore-amrwb --enable-libmp3lame --enable-libtheora --enable-libvo-amrwbenc --enable-libgsm --enable-libopencore-amrnb --enable-libopus --enable-libspeex --enable-libvorbis --enable-librubberband
  libavutil      59. 39.100 / 59. 39.100
  libavcodec     61. 19.100 / 61. 19.100
  libavformat    61.  7.100 / 61.  7.100
  libavdevice    61.  3.100 / 61.  3.100
  libavfilter    10.  4.100 / 10.  4.100
  libswscale      8.  3.100 /  8.  3.100
  libswresample   5.  3.100 /  5.  3.100
  libpostproc    58.  3.100 / 58.  3.100
Input #0, png_pipe, from 'C:\Codex\260829_youtube-anshin\episodes\010_myna_app_registration\assets\scenes\scene_018.png':
  Duration: N/A, bitrate: N/A
  Stream #0:0: Video: png, rgb24(pc, gbr/unknown/unknown), 1920x1080, 25 fps, 25 tbr, 25 tbn
Stream mapping:
  Stream #0:0 -> #0:0 (png (native) -> h264 (libx264))
Press [q] to stop, [?] for help
[libx264 @ 0000024ff77c91c0] using cpu capabilities: MMX2 SSE2Fast SSSE3 SSE4.2 AVX FMA3 BMI2 AVX2
[libx264 @ 0000024ff77c91c0] profile High, level 4.0, 4:2:0, 8-bit
[libx264 @ 0000024ff77c91c0] 264 - core 164 r3192 c24e06c - H.264/MPEG-4 AVC codec - Copyleft 2003-2024 - http://www.videolan.org/x264.html - options: cabac=1 ref=3 deblock=1:0:0 analyse=0x3:0x113 me=hex subme=7 psy=1 psy_rd=1.00:0.00 mixed_ref=1 me_range=16 chroma_me=1 trellis=1 8x8dct=1 cqm=0 deadzone=21,11 fast_pskip=1 chroma_qp_offset=-2 threads=9 lookahead_threads=1 sliced_threads=0 nr=0 decimate=1 interlaced=0 bluray_compat=0 constrained_intra=0 bframes=3 b_pyramid=2 b_adapt=1 b_bias=0 direct=1 weightb=1 open_gop=0 weightp=2 keyint=250 keyint_min=25 scenecut=40 intra_refresh=0 rc_lookahead=40 rc=crf mbtree=1 crf=18.0 qcomp=0.60 qpmin=0 qpmax=69 qpstep=4 ip_ratio=1.40 aq=1:1.00
Output #0, mp4, to 'C:\Codex\260829_youtube-anshin\episodes\010_myna_app_registration\work\draft_v1_build\video_clips\scene_018.mp4':
  Metadata:
    encoder         : Lavf61.7.100
  Stream #0:0: Video: h264 (avc1 / 0x31637661), yuv420p(tv, progressive), 1920x1080, q=2-31, 30 fps, 15360 tbn
      Metadata:
        encoder         : Lavc61.19.100 libx264
      Side data:
        cpb: bitrate max/min/avg: 0/0/0 buffer size: 0 vbv_delay: N/A
frame=    0 fps=0.0 q=0.0 size=       0KiB time=N/A bitrate=N/A speed=N/A    
frame=   34 fps= 33 q=24.0 size=       0KiB time=00:00:01.06 bitrate=   0.4kbits/s speed=1.03x    
frame=   82 fps= 53 q=24.0 size=     256KiB time=00:00:02.66 bitrate= 786.6kbits/s speed=1.72x    
frame=  141 fps= 68 q=24.0 size=     512KiB time=00:00:04.63 bitrate= 905.3kbits/s speed=2.23x    
frame=  191 fps= 73 q=24.0 size=     512KiB time=00:00:06.30 bitrate= 665.8kbits/s speed=2.42x    
frame=  234 fps= 75 q=24.0 size=     512KiB time=00:00:07.73 bitrate= 542.4kbits/s speed=2.48x    
frame=  283 fps= 78 q=24.0 size=     512KiB time=00:00:09.36 bitrate= 447.8kbits/s speed=2.57x    
[out#0/mp4 @ 0000024ff77b6b80] video:720KiB audio:0KiB subtitle:0KiB other streams:0KiB global headers:0KiB muxing overhead: 0.652445%
frame=  335 fps= 86 q=-1.0 Lsize=     725KiB time=00:00:11.10 bitrate= 535.0kbits/s speed=2.85x    
[libx264 @ 0000024ff77c91c0] frame I:2     Avg QP: 9.03  size: 39382
[libx264 @ 0000024ff77c91c0] frame P:96    Avg QP:17.88  size:  5596
[libx264 @ 0000024ff77c91c0] frame B:237   Avg QP:21.45  size:   510
[libx264 @ 0000024ff77c91c0] consecutive B-frames:  3.9%  3.0%  7.2% 86.0%
[libx264 @ 0000024ff77c91c0] mb I  I16..4: 58.9% 32.0%  9.0%
[libx264 @ 0000024ff77c91c0] mb P  I16..4:  2.7%  0.3%  0.2%  P16..4:  3.3%  1.3%  0.9%  0.0%  0.0%    skip:91.3%
[libx264 @ 0000024ff77c91c0] mb B  I16..4:  0.3%  0.1%  0.0%  B16..8:  4.3%  0.2%  0.0%  direct: 0.1%  skip:95.0%  L0:50.6% L1:45.1% BI: 4.3%
[libx264 @ 0000024ff77c91c0] 8x8 transform intra:19.7% inter:33.9%
[libx264 @ 0000024ff77c91c0] coded y,uvDC,uvAC intra: 4.6% 8.9% 5.4% inter: 0.8% 0.6% 0.3%
[libx264 @ 0000024ff77c91c0] i16 v,h,dc,p: 49% 50%  1%  0%
[libx264 @ 0000024ff77c91c0] i8 v,h,dc,ddl,ddr,vr,hd,vl,hu:  7% 26% 67%  0%  0%  0%  0%  0%  0%
[libx264 @ 0000024ff77c91c0] i4 v,h,dc,ddl,ddr,vr,hd,vl,hu: 35% 36% 18%  2%  2%  2%  2%  2%  2%
[libx264 @ 0000024ff77c91c0] i8c dc,h,v,p: 48% 38% 14%  0%
[libx264 @ 0000024ff77c91c0] Weighted P-Frames: Y:0.0% UV:0.0%
[libx264 @ 0000024ff77c91c0] ref P L0: 65.9%  4.8% 15.6% 13.7%
[libx264 @ 0000024ff77c91c0] ref B L0: 80.2% 14.0%  5.8%
[libx264 @ 0000024ff77c91c0] ref B L1: 96.3%  3.7%
[libx264 @ 0000024ff77c91c0] kb/s:527.89
ffmpeg version 7.1-essentials_build-www.gyan.dev Copyright (c) 2000-2024 the FFmpeg developers
  built with gcc 14.2.0 (Rev1, Built by MSYS2 project)
  configuration: --enable-gpl --enable-version3 --enable-static --disable-w32threads --disable-autodetect --enable-fontconfig --enable-iconv --enable-gnutls --enable-libxml2 --enable-gmp --enable-bzlib --enable-lzma --enable-zlib --enable-libsrt --enable-libssh --enable-libzmq --enable-avisynth --enable-sdl2 --enable-libwebp --enable-libx264 --enable-libx265 --enable-libxvid --enable-libaom --enable-libopenjpeg --enable-libvpx --enable-mediafoundation --enable-libass --enable-libfreetype --enable-libfribidi --enable-libharfbuzz --enable-libvidstab --enable-libvmaf --enable-libzimg --enable-amf --enable-cuda-llvm --enable-cuvid --enable-dxva2 --enable-d3d11va --enable-d3d12va --enable-ffnvcodec --enable-libvpl --enable-nvdec --enable-nvenc --enable-vaapi --enable-libgme --enable-libopenmpt --enable-libopencore-amrwb --enable-libmp3lame --enable-libtheora --enable-libvo-amrwbenc --enable-libgsm --enable-libopencore-amrnb --enable-libopus --enable-libspeex --enable-libvorbis --enable-librubberband
  libavutil      59. 39.100 / 59. 39.100
  libavcodec     61. 19.100 / 61. 19.100
  libavformat    61.  7.100 / 61.  7.100
  libavdevice    61.  3.100 / 61.  3.100
  libavfilter    10.  4.100 / 10.  4.100
  libswscale      8.  3.100 /  8.  3.100
  libswresample   5.  3.100 /  5.  3.100
  libpostproc    58.  3.100 / 58.  3.100
Input #0, png_pipe, from 'C:\Codex\260829_youtube-anshin\episodes\010_myna_app_registration\assets\scenes\scene_019.png':
  Duration: N/A, bitrate: N/A
  Stream #0:0: Video: png, rgb24(pc, gbr/unknown/unknown), 1920x1080, 25 fps, 25 tbr, 25 tbn
Stream mapping:
  Stream #0:0 -> #0:0 (png (native) -> h264 (libx264))
Press [q] to stop, [?] for help
[libx264 @ 00000236f80d1000] using cpu capabilities: MMX2 SSE2Fast SSSE3 SSE4.2 AVX FMA3 BMI2 AVX2
[libx264 @ 00000236f80d1000] profile High, level 4.0, 4:2:0, 8-bit
[libx264 @ 00000236f80d1000] 264 - core 164 r3192 c24e06c - H.264/MPEG-4 AVC codec - Copyleft 2003-2024 - http://www.videolan.org/x264.html - options: cabac=1 ref=3 deblock=1:0:0 analyse=0x3:0x113 me=hex subme=7 psy=1 psy_rd=1.00:0.00 mixed_ref=1 me_range=16 chroma_me=1 trellis=1 8x8dct=1 cqm=0 deadzone=21,11 fast_pskip=1 chroma_qp_offset=-2 threads=9 lookahead_threads=1 sliced_threads=0 nr=0 decimate=1 interlaced=0 bluray_compat=0 constrained_intra=0 bframes=3 b_pyramid=2 b_adapt=1 b_bias=0 direct=1 weightb=1 open_gop=0 weightp=2 keyint=250 keyint_min=25 scenecut=40 intra_refresh=0 rc_lookahead=40 rc=crf mbtree=1 crf=18.0 qcomp=0.60 qpmin=0 qpmax=69 qpstep=4 ip_ratio=1.40 aq=1:1.00
Output #0, mp4, to 'C:\Codex\260829_youtube-anshin\episodes\010_myna_app_registration\work\draft_v1_build\video_clips\scene_019.mp4':
  Metadata:
    encoder         : Lavf61.7.100
  Stream #0:0: Video: h264 (avc1 / 0x31637661), yuv420p(tv, progressive), 1920x1080, q=2-31, 30 fps, 15360 tbn
      Metadata:
        encoder         : Lavc61.19.100 libx264
      Side data:
        cpb: bitrate max/min/avg: 0/0/0 buffer size: 0 vbv_delay: N/A
frame=    0 fps=0.0 q=0.0 size=       0KiB time=N/A bitrate=N/A speed=N/A    
frame=    0 fps=0.0 q=0.0 size=       0KiB time=N/A bitrate=N/A speed=N/A    
frame=   17 fps= 10 q=24.0 size=       0KiB time=00:00:00.50 bitrate=   0.8kbits/s speed=0.294x    
frame=   35 fps= 16 q=24.0 size=       0KiB time=00:00:01.10 bitrate=   0.3kbits/s speed=0.488x    
frame=   58 fps= 21 q=24.0 size=       0KiB time=00:00:01.86 bitrate=   0.2kbits/s speed=0.674x    
frame=   82 fps= 25 q=24.0 size=       0KiB time=00:00:02.66 bitrate=   0.1kbits/s speed=0.811x    
frame=  106 fps= 28 q=24.0 size=       0KiB time=00:00:03.46 bitrate=   0.1kbits/s speed=0.91x    
frame=  138 fps= 32 q=24.0 size=       0KiB time=00:00:04.53 bitrate=   0.1kbits/s speed=1.05x    
frame=  171 fps= 35 q=24.0 size=     256KiB time=00:00:05.63 bitrate= 372.3kbits/s speed=1.16x    
frame=  200 fps= 37 q=24.0 size=     256KiB time=00:00:06.60 bitrate= 317.8kbits/s speed=1.23x    
frame=  230 fps= 39 q=24.0 size=     256KiB time=00:00:07.60 bitrate= 276.0kbits/s speed=1.29x    
frame=  259 fps= 40 q=24.0 size=     512KiB time=00:00:08.56 bitrate= 489.7kbits/s speed=1.34x    
frame=  284 fps= 41 q=24.0 size=     512KiB time=00:00:09.40 bitrate= 446.2kbits/s speed=1.35x    
frame=  316 fps= 42 q=24.0 size=     512KiB time=00:00:10.46 bitrate= 400.8kbits/s speed= 1.4x    
frame=  349 fps= 44 q=24.0 size=     512KiB time=00:00:11.56 bitrate= 362.7kbits/s speed=1.45x    
frame=  385 fps= 45 q=24.0 size=     512KiB time=00:00:12.76 bitrate= 328.6kbits/s speed= 1.5x    
frame=  417 fps= 46 q=24.0 size=     512KiB time=00:00:13.83 bitrate= 303.2kbits/s speed=1.53x    
frame=  456 fps= 48 q=24.0 size=     512KiB time=00:00:15.13 bitrate= 277.2kbits/s speed=1.58x    
frame=  491 fps= 49 q=24.0 size=     512KiB time=00:00:16.30 bitrate= 257.3kbits/s speed=1.61x    
frame=  518 fps= 49 q=24.0 size=     768KiB time=00:00:17.20 bitrate= 365.8kbits/s speed=1.62x    
frame=  552 fps= 50 q=24.0 size=     768KiB time=00:00:18.33 bitrate= 343.2kbits/s speed=1.65x    
frame=  581 fps= 50 q=24.0 size=     768KiB time=00:00:19.30 bitrate= 326.0kbits/s speed=1.66x    
frame=  611 fps= 50 q=24.0 size=     768KiB time=00:00:20.30 bitrate= 309.9kbits/s speed=1.67x    
frame=  646 fps= 51 q=24.0 size=     768KiB time=00:00:21.46 bitrate= 293.1kbits/s speed=1.69x    
frame=  678 fps= 51 q=24.0 size=     768KiB time=00:00:22.53 bitrate= 279.2kbits/s speed= 1.7x    
frame=  704 fps= 51 q=24.0 size=     768KiB time=00:00:23.40 bitrate= 268.9kbits/s speed= 1.7x    
frame=  738 fps= 52 q=24.0 size=     768KiB time=00:00:24.53 bitrate= 256.5kbits/s speed=1.71x    
frame=  772 fps= 52 q=24.0 size=    1024KiB time=00:00:25.66 bitrate= 326.8kbits/s speed=1.73x    
frame=  807 fps= 52 q=24.0 size=    1024KiB time=00:00:26.76 bitrate= 313.4kbits/s speed=1.74x    
frame=  840 fps= 53 q=24.0 size=    1024KiB time=00:00:27.93 bitrate= 300.3kbits/s speed=1.75x    
frame=  872 fps= 53 q=24.0 size=    1024KiB time=00:00:29.00 bitrate= 289.3kbits/s speed=1.76x    
frame=  909 fps= 54 q=24.0 size=    1024KiB time=00:00:30.23 bitrate= 277.5kbits/s speed=1.78x    
frame=  940 fps= 54 q=24.0 size=    1024KiB time=00:00:31.26 bitrate= 268.3kbits/s speed=1.79x    
frame=  973 fps= 54 q=24.0 size=    1024KiB time=00:00:32.36 bitrate= 259.2kbits/s speed= 1.8x    
frame= 1000 fps= 54 q=24.0 size=    1024KiB time=00:00:33.26 bitrate= 252.2kbits/s speed= 1.8x    
frame= 1031 fps= 54 q=24.0 size=    1536KiB time=00:00:34.30 bitrate= 366.9kbits/s speed= 1.8x    
frame= 1072 fps= 55 q=24.0 size=    1536KiB time=00:00:35.66 bitrate= 352.8kbits/s speed=1.82x    
frame= 1103 fps= 55 q=24.0 size=    1536KiB time=00:00:36.70 bitrate= 342.9kbits/s speed=1.83x    
frame= 1138 fps= 55 q=24.0 size=    1536KiB time=00:00:37.86 bitrate= 332.3kbits/s speed=1.84x    
frame= 1171 fps= 55 q=24.0 size=    1536KiB time=00:00:38.96 bitrate= 322.9kbits/s speed=1.85x    
frame= 1207 fps= 56 q=24.0 size=    1536KiB time=00:00:40.16 bitrate= 313.3kbits/s speed=1.86x    
frame= 1247 fps= 56 q=24.0 size=    1536KiB time=00:00:41.50 bitrate= 303.2kbits/s speed=1.87x    
frame= 1288 fps= 57 q=24.0 size=    1792KiB time=00:00:42.86 bitrate= 342.5kbits/s speed=1.89x    
frame= 1324 fps= 57 q=24.0 size=    1792KiB time=00:00:44.06 bitrate= 333.1kbits/s speed= 1.9x    
frame= 1364 fps= 57 q=24.0 size=    1792KiB time=00:00:45.40 bitrate= 323.4kbits/s speed=1.91x    
frame= 1400 fps= 58 q=24.0 size=    1792KiB time=00:00:46.60 bitrate= 315.0kbits/s speed=1.92x    
frame= 1444 fps= 58 q=24.0 size=    1792KiB time=00:00:48.06 bitrate= 305.4kbits/s speed=1.94x    
frame= 1510 fps= 60 q=-1.0 size=    2048KiB time=00:00:50.26 bitrate= 333.8kbits/s speed=1.99x    
[out#0/mp4 @ 00000236f85704c0] video:2125KiB audio:0KiB subtitle:0KiB other streams:0KiB global headers:0KiB muxing overhead: 0.875953%
frame= 1517 fps= 60 q=-1.0 Lsize=    2144KiB time=00:00:50.50 bitrate= 347.7kbits/s speed=1.99x    
[libx264 @ 00000236f80d1000] frame I:7     Avg QP: 7.90  size:279630
[libx264 @ 00000236f80d1000] frame P:382   Avg QP:11.20  size:   296
[libx264 @ 00000236f80d1000] frame B:1128  Avg QP:14.39  size:    93
[libx264 @ 00000236f80d1000] consecutive B-frames:  0.9%  0.0%  0.0% 99.1%
[libx264 @ 00000236f80d1000] mb I  I16..4: 23.2% 57.8% 19.0%
[libx264 @ 00000236f80d1000] mb P  I16..4:  0.0%  0.0%  0.0%  P16..4:  0.8%  0.0%  0.0%  0.0%  0.0%    skip:99.1%
[libx264 @ 00000236f80d1000] mb B  I16..4:  0.0%  0.0%  0.0%  B16..8:  0.3%  0.0%  0.0%  direct: 0.0%  skip:99.7%  L0:66.1% L1:33.8% BI: 0.0%
[libx264 @ 00000236f80d1000] 8x8 transform intra:57.6% inter:91.7%
[libx264 @ 00000236f80d1000] coded y,uvDC,uvAC intra: 72.9% 76.8% 75.2% inter: 0.1% 0.0% 0.0%
[libx264 @ 00000236f80d1000] i16 v,h,dc,p: 23% 31% 37%  9%
[libx264 @ 00000236f80d1000] i8 v,h,dc,ddl,ddr,vr,hd,vl,hu: 12% 37% 39%  3%  2%  1%  2%  1%  4%
[libx264 @ 00000236f80d1000] i4 v,h,dc,ddl,ddr,vr,hd,vl,hu: 32% 29% 15%  5%  4%  3%  4%  4%  4%
[libx264 @ 00000236f80d1000] i8c dc,h,v,p: 68% 19%  8%  5%
[libx264 @ 00000236f80d1000] Weighted P-Frames: Y:0.0% UV:0.0%
[libx264 @ 00000236f80d1000] ref P L0: 98.1%  0.0%  1.7%  0.2%
[libx264 @ 00000236f80d1000] ref B L0:  2.9% 97.1%  0.0%
[libx264 @ 00000236f80d1000] ref B L1: 92.3%  7.7%
[libx264 @ 00000236f80d1000] kb/s:344.14
ffmpeg version 7.1-essentials_build-www.gyan.dev Copyright (c) 2000-2024 the FFmpeg developers
  built with gcc 14.2.0 (Rev1, Built by MSYS2 project)
  configuration: --enable-gpl --enable-version3 --enable-static --disable-w32threads --disable-autodetect --enable-fontconfig --enable-iconv --enable-gnutls --enable-libxml2 --enable-gmp --enable-bzlib --enable-lzma --enable-zlib --enable-libsrt --enable-libssh --enable-libzmq --enable-avisynth --enable-sdl2 --enable-libwebp --enable-libx264 --enable-libx265 --enable-libxvid --enable-libaom --enable-libopenjpeg --enable-libvpx --enable-mediafoundation --enable-libass --enable-libfreetype --enable-libfribidi --enable-libharfbuzz --enable-libvidstab --enable-libvmaf --enable-libzimg --enable-amf --enable-cuda-llvm --enable-cuvid --enable-dxva2 --enable-d3d11va --enable-d3d12va --enable-ffnvcodec --enable-libvpl --enable-nvdec --enable-nvenc --enable-vaapi --enable-libgme --enable-libopenmpt --enable-libopencore-amrwb --enable-libmp3lame --enable-libtheora --enable-libvo-amrwbenc --enable-libgsm --enable-libopencore-amrnb --enable-libopus --enable-libspeex --enable-libvorbis --enable-librubberband
  libavutil      59. 39.100 / 59. 39.100
  libavcodec     61. 19.100 / 61. 19.100
  libavformat    61.  7.100 / 61.  7.100
  libavdevice    61.  3.100 / 61.  3.100
  libavfilter    10.  4.100 / 10.  4.100
  libswscale      8.  3.100 /  8.  3.100
  libswresample   5.  3.100 /  5.  3.100
  libpostproc    58.  3.100 / 58.  3.100
Input #0, png_pipe, from 'C:\Codex\260829_youtube-anshin\episodes\010_myna_app_registration\assets\scenes\scene_020.png':
  Duration: N/A, bitrate: N/A
  Stream #0:0: Video: png, rgb24(pc, gbr/unknown/unknown), 1920x1080, 25 fps, 25 tbr, 25 tbn
Stream mapping:
  Stream #0:0 -> #0:0 (png (native) -> h264 (libx264))
Press [q] to stop, [?] for help
[libx264 @ 000002bad82406c0] using cpu capabilities: MMX2 SSE2Fast SSSE3 SSE4.2 AVX FMA3 BMI2 AVX2
[libx264 @ 000002bad82406c0] profile High, level 4.0, 4:2:0, 8-bit
[libx264 @ 000002bad82406c0] 264 - core 164 r3192 c24e06c - H.264/MPEG-4 AVC codec - Copyleft 2003-2024 - http://www.videolan.org/x264.html - options: cabac=1 ref=3 deblock=1:0:0 analyse=0x3:0x113 me=hex subme=7 psy=1 psy_rd=1.00:0.00 mixed_ref=1 me_range=16 chroma_me=1 trellis=1 8x8dct=1 cqm=0 deadzone=21,11 fast_pskip=1 chroma_qp_offset=-2 threads=9 lookahead_threads=1 sliced_threads=0 nr=0 decimate=1 interlaced=0 bluray_compat=0 constrained_intra=0 bframes=3 b_pyramid=2 b_adapt=1 b_bias=0 direct=1 weightb=1 open_gop=0 weightp=2 keyint=250 keyint_min=25 scenecut=40 intra_refresh=0 rc_lookahead=40 rc=crf mbtree=1 crf=18.0 qcomp=0.60 qpmin=0 qpmax=69 qpstep=4 ip_ratio=1.40 aq=1:1.00
Output #0, mp4, to 'C:\Codex\260829_youtube-anshin\episodes\010_myna_app_registration\work\draft_v1_build\video_clips\scene_020.mp4':
  Metadata:
    encoder         : Lavf61.7.100
  Stream #0:0: Video: h264 (avc1 / 0x31637661), yuv420p(tv, progressive), 1920x1080, q=2-31, 30 fps, 15360 tbn
      Metadata:
        encoder         : Lavc61.19.100 libx264
      Side data:
        cpb: bitrate max/min/avg: 0/0/0 buffer size: 0 vbv_delay: N/A
frame=    0 fps=0.0 q=0.0 size=       0KiB time=N/A bitrate=N/A speed=N/A    
frame=    9 fps=8.7 q=24.0 size=     256KiB time=00:00:00.23 bitrate=8989.5kbits/s speed=0.226x    
frame=   34 fps= 22 q=24.0 size=     512KiB time=00:00:01.06 bitrate=3932.5kbits/s speed=0.691x    
frame=   57 fps= 28 q=24.0 size=     768KiB time=00:00:01.83 bitrate=3431.9kbits/s speed=0.885x    
frame=   77 fps= 30 q=24.0 size=     768KiB time=00:00:02.50 bitrate=2516.7kbits/s speed=0.967x    
frame=  102 fps= 33 q=24.0 size=    1024KiB time=00:00:03.33 bitrate=2516.7kbits/s speed=1.08x    
frame=  129 fps= 36 q=24.0 size=    1536KiB time=00:00:04.23 bitrate=2972.4kbits/s speed=1.17x    
frame=  153 fps= 37 q=24.0 size=    1536KiB time=00:00:05.03 bitrate=2500.0kbits/s speed=1.22x    
[out#0/mp4 @ 000002bad8246b80] video:1842KiB audio:0KiB subtitle:0KiB other streams:0KiB global headers:0KiB muxing overhead: 0.150392%
frame=  164 fps= 39 q=-1.0 Lsize=    1844KiB time=00:00:05.40 bitrate=2797.9kbits/s speed=1.28x    
[libx264 @ 000002bad82406c0] frame I:1     Avg QP:13.93  size:192893
[libx264 @ 000002bad82406c0] frame P:41    Avg QP:14.45  size: 32004
[libx264 @ 000002bad82406c0] frame B:122   Avg QP:18.51  size:  3114
[libx264 @ 000002bad82406c0] consecutive B-frames:  0.6%  0.0%  1.8% 97.6%
[libx264 @ 000002bad82406c0] mb I  I16..4:  5.7% 69.1% 25.2%
[libx264 @ 000002bad82406c0] mb P  I16..4:  0.2%  0.2%  0.0%  P16..4: 44.7% 18.8% 11.9%  0.0%  0.0%    skip:24.2%
[libx264 @ 000002bad82406c0] mb B  I16..4:  0.0%  0.0%  0.0%  B16..8: 31.6%  0.5%  0.0%  direct: 0.1%  skip:67.8%  L0:46.9% L1:51.1% BI: 2.0%
[libx264 @ 000002bad82406c0] 8x8 transform intra:65.4% inter:81.7%
[libx264 @ 000002bad82406c0] coded y,uvDC,uvAC intra: 79.6% 71.7% 57.2% inter: 9.0% 7.9% 2.2%
[libx264 @ 000002bad82406c0] i16 v,h,dc,p: 56% 29%  7%  8%
[libx264 @ 000002bad82406c0] i8 v,h,dc,ddl,ddr,vr,hd,vl,hu: 22% 27% 24%  4%  4%  4%  5%  4%  6%
[libx264 @ 000002bad82406c0] i4 v,h,dc,ddl,ddr,vr,hd,vl,hu: 27% 27%  9%  5%  8%  6%  8%  4%  5%
[libx264 @ 000002bad82406c0] i8c dc,h,v,p: 47% 26% 21%  6%
[libx264 @ 000002bad82406c0] Weighted P-Frames: Y:0.0% UV:0.0%
[libx264 @ 000002bad82406c0] ref P L0: 52.6%  3.1% 19.1% 25.2%
[libx264 @ 000002bad82406c0] ref B L0: 88.9%  6.5%  4.6%
[libx264 @ 000002bad82406c0] ref B L1: 95.4%  4.6%
[libx264 @ 000002bad82406c0] kb/s:2758.60
ffmpeg version 7.1-essentials_build-www.gyan.dev Copyright (c) 2000-2024 the FFmpeg developers
  built with gcc 14.2.0 (Rev1, Built by MSYS2 project)
  configuration: --enable-gpl --enable-version3 --enable-static --disable-w32threads --disable-autodetect --enable-fontconfig --enable-iconv --enable-gnutls --enable-libxml2 --enable-gmp --enable-bzlib --enable-lzma --enable-zlib --enable-libsrt --enable-libssh --enable-libzmq --enable-avisynth --enable-sdl2 --enable-libwebp --enable-libx264 --enable-libx265 --enable-libxvid --enable-libaom --enable-libopenjpeg --enable-libvpx --enable-mediafoundation --enable-libass --enable-libfreetype --enable-libfribidi --enable-libharfbuzz --enable-libvidstab --enable-libvmaf --enable-libzimg --enable-amf --enable-cuda-llvm --enable-cuvid --enable-dxva2 --enable-d3d11va --enable-d3d12va --enable-ffnvcodec --enable-libvpl --enable-nvdec --enable-nvenc --enable-vaapi --enable-libgme --enable-libopenmpt --enable-libopencore-amrwb --enable-libmp3lame --enable-libtheora --enable-libvo-amrwbenc --enable-libgsm --enable-libopencore-amrnb --enable-libopus --enable-libspeex --enable-libvorbis --enable-librubberband
  libavutil      59. 39.100 / 59. 39.100
  libavcodec     61. 19.100 / 61. 19.100
  libavformat    61.  7.100 / 61.  7.100
  libavdevice    61.  3.100 / 61.  3.100
  libavfilter    10.  4.100 / 10.  4.100
  libswscale      8.  3.100 /  8.  3.100
  libswresample   5.  3.100 /  5.  3.100
  libpostproc    58.  3.100 / 58.  3.100
Input #0, png_pipe, from 'C:\Codex\260829_youtube-anshin\episodes\010_myna_app_registration\work\cta_registration_conversion_v1.png':
  Duration: N/A, bitrate: N/A
  Stream #0:0: Video: png, rgb24(pc, gbr/unknown/unknown), 1920x1080, 25 fps, 25 tbr, 25 tbn
Stream mapping:
  Stream #0:0 -> #0:0 (png (native) -> h264 (libx264))
Press [q] to stop, [?] for help
[libx264 @ 000001d40e3e8cc0] using cpu capabilities: MMX2 SSE2Fast SSSE3 SSE4.2 AVX FMA3 BMI2 AVX2
[libx264 @ 000001d40e3e8cc0] profile High, level 4.0, 4:2:0, 8-bit
[libx264 @ 000001d40e3e8cc0] 264 - core 164 r3192 c24e06c - H.264/MPEG-4 AVC codec - Copyleft 2003-2024 - http://www.videolan.org/x264.html - options: cabac=1 ref=3 deblock=1:0:0 analyse=0x3:0x113 me=hex subme=7 psy=1 psy_rd=1.00:0.00 mixed_ref=1 me_range=16 chroma_me=1 trellis=1 8x8dct=1 cqm=0 deadzone=21,11 fast_pskip=1 chroma_qp_offset=-2 threads=9 lookahead_threads=1 sliced_threads=0 nr=0 decimate=1 interlaced=0 bluray_compat=0 constrained_intra=0 bframes=3 b_pyramid=2 b_adapt=1 b_bias=0 direct=1 weightb=1 open_gop=0 weightp=2 keyint=250 keyint_min=25 scenecut=40 intra_refresh=0 rc_lookahead=40 rc=crf mbtree=1 crf=18.0 qcomp=0.60 qpmin=0 qpmax=69 qpstep=4 ip_ratio=1.40 aq=1:1.00
Output #0, mp4, to 'C:\Codex\260829_youtube-anshin\episodes\010_myna_app_registration\work\draft_v1_build\video_clips\postroll_cta.mp4':
  Metadata:
    encoder         : Lavf61.7.100
  Stream #0:0: Video: h264 (avc1 / 0x31637661), yuv420p(tv, progressive), 1920x1080, q=2-31, 30 fps, 15360 tbn
      Metadata:
        encoder         : Lavc61.19.100 libx264
      Side data:
        cpb: bitrate max/min/avg: 0/0/0 buffer size: 0 vbv_delay: N/A
frame=    0 fps=0.0 q=0.0 size=       0KiB time=N/A bitrate=N/A speed=N/A    
frame=   33 fps= 32 q=24.0 size=       0KiB time=00:00:01.03 bitrate=   0.4kbits/s speed=0.993x    
frame=   81 fps= 52 q=24.0 size=       0KiB time=00:00:02.63 bitrate=   0.1kbits/s speed= 1.7x    
frame=  129 fps= 62 q=24.0 size=       0KiB time=00:00:04.23 bitrate=   0.1kbits/s speed=2.04x    
frame=  177 fps= 68 q=24.0 size=       0KiB time=00:00:05.83 bitrate=   0.1kbits/s speed=2.25x    
frame=  229 fps= 74 q=24.0 size=       0KiB time=00:00:07.56 bitrate=   0.1kbits/s speed=2.44x    
frame=  271 fps= 75 q=24.0 size=       0KiB time=00:00:08.96 bitrate=   0.0kbits/s speed=2.47x    
frame=  319 fps= 77 q=24.0 size=       0KiB time=00:00:10.56 bitrate=   0.0kbits/s speed=2.55x    
frame=  375 fps= 80 q=24.0 size=       0KiB time=00:00:12.43 bitrate=   0.0kbits/s speed=2.66x    
[out#0/mp4 @ 000001d40e3d6b00] video:101KiB audio:0KiB subtitle:0KiB other streams:0KiB global headers:0KiB muxing overhead: 6.039399%
frame=  450 fps= 89 q=-1.0 Lsize=     107KiB time=00:00:14.93 bitrate=  58.8kbits/s speed=2.96x    
[libx264 @ 000001d40e3e8cc0] frame I:2     Avg QP: 7.97  size: 32773
[libx264 @ 000001d40e3e8cc0] frame P:113   Avg QP:20.83  size:   115
[libx264 @ 000001d40e3e8cc0] frame B:335   Avg QP:24.56  size:    72
[libx264 @ 000001d40e3e8cc0] consecutive B-frames:  0.7%  0.0%  0.7% 98.7%
[libx264 @ 000001d40e3e8cc0] mb I  I16..4: 70.3% 23.6%  6.1%
[libx264 @ 000001d40e3e8cc0] mb P  I16..4:  0.3%  0.0%  0.0%  P16..4:  0.1%  0.0%  0.0%  0.0%  0.0%    skip:99.6%
[libx264 @ 000001d40e3e8cc0] mb B  I16..4:  0.0%  0.0%  0.0%  B16..8:  0.0%  0.0%  0.0%  direct: 0.0%  skip:99.9%  L0:43.1% L1:56.9% BI: 0.0%
[libx264 @ 000001d40e3e8cc0] 8x8 transform intra:19.9% inter:9.7%
[libx264 @ 000001d40e3e8cc0] coded y,uvDC,uvAC intra: 3.1% 5.4% 5.2% inter: 0.0% 0.0% 0.0%
[libx264 @ 000001d40e3e8cc0] i16 v,h,dc,p: 72% 28%  0%  0%
[libx264 @ 000001d40e3e8cc0] i8 v,h,dc,ddl,ddr,vr,hd,vl,hu:  6% 86%  7%  0%  0%  0%  0%  0%  0%
[libx264 @ 000001d40e3e8cc0] i4 v,h,dc,ddl,ddr,vr,hd,vl,hu: 32% 21% 23%  5%  4%  4%  3%  4%  4%
[libx264 @ 000001d40e3e8cc0] i8c dc,h,v,p: 73% 23%  4%  0%
[libx264 @ 000001d40e3e8cc0] Weighted P-Frames: Y:0.0% UV:0.0%
[libx264 @ 000001d40e3e8cc0] ref P L0: 80.9%  0.0% 18.3%  0.8%
[libx264 @ 000001d40e3e8cc0] ref B L0: 37.0% 61.9%  1.2%
[libx264 @ 000001d40e3e8cc0] ref B L1: 98.2%  1.8%
[libx264 @ 000001d40e3e8cc0] kb/s:54.81
ffmpeg version 7.1-essentials_build-www.gyan.dev Copyright (c) 2000-2024 the FFmpeg developers
  built with gcc 14.2.0 (Rev1, Built by MSYS2 project)
  configuration: --enable-gpl --enable-version3 --enable-static --disable-w32threads --disable-autodetect --enable-fontconfig --enable-iconv --enable-gnutls --enable-libxml2 --enable-gmp --enable-bzlib --enable-lzma --enable-zlib --enable-libsrt --enable-libssh --enable-libzmq --enable-avisynth --enable-sdl2 --enable-libwebp --enable-libx264 --enable-libx265 --enable-libxvid --enable-libaom --enable-libopenjpeg --enable-libvpx --enable-mediafoundation --enable-libass --enable-libfreetype --enable-libfribidi --enable-libharfbuzz --enable-libvidstab --enable-libvmaf --enable-libzimg --enable-amf --enable-cuda-llvm --enable-cuvid --enable-dxva2 --enable-d3d11va --enable-d3d12va --enable-ffnvcodec --enable-libvpl --enable-nvdec --enable-nvenc --enable-vaapi --enable-libgme --enable-libopenmpt --enable-libopencore-amrwb --enable-libmp3lame --enable-libtheora --enable-libvo-amrwbenc --enable-libgsm --enable-libopencore-amrnb --enable-libopus --enable-libspeex --enable-libvorbis --enable-librubberband
  libavutil      59. 39.100 / 59. 39.100
  libavcodec     61. 19.100 / 61. 19.100
  libavformat    61.  7.100 / 61.  7.100
  libavdevice    61.  3.100 / 61.  3.100
  libavfilter    10.  4.100 / 10.  4.100
  libswscale      8.  3.100 /  8.  3.100
  libswresample   5.  3.100 /  5.  3.100
  libpostproc    58.  3.100 / 58.  3.100
[mov,mp4,m4a,3gp,3g2,mj2 @ 000001a60f5a27c0] Auto-inserting h264_mp4toannexb bitstream filter
Input #0, concat, from 'C:\Codex\260829_youtube-anshin\episodes\010_myna_app_registration\work\draft_v1_build\video_clips\concat.txt':
  Duration: N/A, start: 0.000000, bitrate: 614 kb/s
  Stream #0:0(und): Video: h264 (High) (avc1 / 0x31637661), yuv420p(progressive), 1920x1080, 614 kb/s, 30 fps, 30 tbr, 15360 tbn
      Metadata:
        handler_name    : VideoHandler
        vendor_id       : [0][0][0][0]
        encoder         : Lavc61.19.100 libx264
Stream mapping:
  Stream #0:0 -> #0:0 (copy)
Output #0, mp4, to 'C:\Codex\260829_youtube-anshin\episodes\010_myna_app_registration\work\draft_v1_build\visual_phase2.mp4':
  Metadata:
    encoder         : Lavf61.7.100
  Stream #0:0(und): Video: h264 (High) (avc1 / 0x31637661), yuv420p(progressive), 1920x1080, q=2-31, 614 kb/s, 30 fps, 30 tbr, 15360 tbn
      Metadata:
        handler_name    : VideoHandler
        vendor_id       : [0][0][0][0]
        encoder         : Lavc61.19.100 libx264
Press [q] to stop, [?] for help
[mov,mp4,m4a,3gp,3g2,mj2 @ 000001a60f867240] Auto-inserting h264_mp4toannexb bitstream filter
    Last message repeated 5 times
[mov,mp4,m4a,3gp,3g2,mj2 @ 000001a60f5c1900] Auto-inserting h264_mp4toannexb bitstream filter
    Last message repeated 1 times
[mov,mp4,m4a,3gp,3g2,mj2 @ 000001a60f5e6640] Auto-inserting h264_mp4toannexb bitstream filter
[mov,mp4,m4a,3gp,3g2,mj2 @ 000001a60f5e5880] Auto-inserting h264_mp4toannexb bitstream filter
[mov,mp4,m4a,3gp,3g2,mj2 @ 000001a60f5d4ec0] Auto-inserting h264_mp4toannexb bitstream filter
[mov,mp4,m4a,3gp,3g2,mj2 @ 000001a60f5d5180] Auto-inserting h264_mp4toannexb bitstream filter
[mov,mp4,m4a,3gp,3g2,mj2 @ 000001a60feb2d80] Auto-inserting h264_mp4toannexb bitstream filter
[mov,mp4,m4a,3gp,3g2,mj2 @ 000001a60feb2280] Auto-inserting h264_mp4toannexb bitstream filter
[mov,mp4,m4a,3gp,3g2,mj2 @ 000001a60feb2ac0] Auto-inserting h264_mp4toannexb bitstream filter
[mov,mp4,m4a,3gp,3g2,mj2 @ 000001a60f86cbc0] Auto-inserting h264_mp4toannexb bitstream filter
[mov,mp4,m4a,3gp,3g2,mj2 @ 000001a60f86bb40] Auto-inserting h264_mp4toannexb bitstream filter
[mov,mp4,m4a,3gp,3g2,mj2 @ 000001a60feb2540] Auto-inserting h264_mp4toannexb bitstream filter
[mov,mp4,m4a,3gp,3g2,mj2 @ 000001a60f5d4c00] Auto-inserting h264_mp4toannexb bitstream filter
    Last message repeated 1 times
[out#0/mp4 @ 000001a60f5a6900] video:14502KiB audio:0KiB subtitle:0KiB other streams:0KiB global headers:0KiB muxing overhead: 0.534428%
frame= 6577 fps=0.0 q=-1.0 Lsize=   14580KiB time=00:03:39.16 bitrate= 545.0kbits/s speed= 553x    
ffmpeg version 7.1-essentials_build-www.gyan.dev Copyright (c) 2000-2024 the FFmpeg developers
  built with gcc 14.2.0 (Rev1, Built by MSYS2 project)
  configuration: --enable-gpl --enable-version3 --enable-static --disable-w32threads --disable-autodetect --enable-fontconfig --enable-iconv --enable-gnutls --enable-libxml2 --enable-gmp --enable-bzlib --enable-lzma --enable-zlib --enable-libsrt --enable-libssh --enable-libzmq --enable-avisynth --enable-sdl2 --enable-libwebp --enable-libx264 --enable-libx265 --enable-libxvid --enable-libaom --enable-libopenjpeg --enable-libvpx --enable-mediafoundation --enable-libass --enable-libfreetype --enable-libfribidi --enable-libharfbuzz --enable-libvidstab --enable-libvmaf --enable-libzimg --enable-amf --enable-cuda-llvm --enable-cuvid --enable-dxva2 --enable-d3d11va --enable-d3d12va --enable-ffnvcodec --enable-libvpl --enable-nvdec --enable-nvenc --enable-vaapi --enable-libgme --enable-libopenmpt --enable-libopencore-amrwb --enable-libmp3lame --enable-libtheora --enable-libvo-amrwbenc --enable-libgsm --enable-libopencore-amrnb --enable-libopus --enable-libspeex --enable-libvorbis --enable-librubberband
  libavutil      59. 39.100 / 59. 39.100
  libavcodec     61. 19.100 / 61. 19.100
  libavformat    61.  7.100 / 61.  7.100
  libavdevice    61.  3.100 / 61.  3.100
  libavfilter    10.  4.100 / 10.  4.100
  libswscale      8.  3.100 /  8.  3.100
  libswresample   5.  3.100 /  5.  3.100
  libpostproc    58.  3.100 / 58.  3.100
Input #0, mov,mp4,m4a,3gp,3g2,mj2, from 'C:\Codex\260829_youtube-anshin\episodes\010_myna_app_registration\work\draft_v1_build\visual_phase2.mp4':
  Metadata:
    major_brand     : isom
    minor_version   : 512
    compatible_brands: isomiso2avc1mp41
    encoder         : Lavf61.7.100
  Duration: 00:03:39.23, start: 0.000000, bitrate: 544 kb/s
  Stream #0:0[0x1](und): Video: h264 (High) (avc1 / 0x31637661), yuv420p(progressive), 1920x1080, 541 kb/s, 30 fps, 30 tbr, 15360 tbn (default)
      Metadata:
        handler_name    : VideoHandler
        vendor_id       : [0][0][0][0]
        encoder         : Lavc61.19.100 libx264
[aist#1:0/pcm_s16le @ 000001e6858e0ac0] Guessed Channel Layout: mono
Input #1, wav, from 'C:\Codex\260829_youtube-anshin\episodes\010_myna_app_registration\audio\voicevox_kenzaki\narration_kenzaki_auto.wav':
  Duration: 00:03:24.18, bitrate: 384 kb/s
  Stream #1:0: Audio: pcm_s16le ([1][0][0][0] / 0x0001), 24000 Hz, mono, s16, 384 kb/s
[aist#2:0/pcm_s16le @ 000001e68588dc00] Guessed Channel Layout: mono
Input #2, wav, from 'C:\Codex\260829_youtube-anshin\episodes\010_myna_app_registration\audio\voicevox_kenzaki\cta_registration_conversion_v1.wav':
  Duration: 00:00:11.46, bitrate: 384 kb/s
  Stream #2:0: Audio: pcm_s16le ([1][0][0][0] / 0x0001), 24000 Hz, mono, s16, 384 kb/s
[Parsed_ass_1 @ 000001e685f2ff40] libass API version: 0x1703000
[Parsed_ass_1 @ 000001e685f2ff40] libass source: commit: 0.17.3-32-g5298859c298d3c570d8d7e3b883a0d63490659b8
[Parsed_ass_1 @ 000001e685f2ff40] Shaper: FriBidi 1.0.16 (SIMPLE) HarfBuzz-ng 10.0.1 (COMPLEX)
[Parsed_ass_1 @ 000001e685f2ff40] Using font provider directwrite (with GDI)
[Parsed_ass_1 @ 000001e685f2ff40] Added subtitle file: 'C:/Codex/260829_youtube-anshin/episodes/010_myna_app_registration/captions.ass' (2 styles, 44 events)
Stream mapping:
  Stream #1:0 (pcm_s16le) -> concat
  Stream #2:0 (pcm_s16le) -> concat
  Stream #0:0 -> #0:0 (h264 (native) -> h264 (libx264))
  apad:default -> Stream #0:1 (aac)
Press [q] to stop, [?] for help
[Parsed_ass_1 @ 000001e68682fbc0] libass API version: 0x1703000
[Parsed_ass_1 @ 000001e68682fbc0] libass source: commit: 0.17.3-32-g5298859c298d3c570d8d7e3b883a0d63490659b8
[Parsed_ass_1 @ 000001e68682fbc0] Shaper: FriBidi 1.0.16 (SIMPLE) HarfBuzz-ng 10.0.1 (COMPLEX)
[Parsed_ass_1 @ 000001e68682fbc0] Using font provider directwrite (with GDI)
[Parsed_ass_1 @ 000001e68682fbc0] Added subtitle file: 'C:/Codex/260829_youtube-anshin/episodes/010_myna_app_registration/captions.ass' (2 styles, 44 events)
[Parsed_ass_1 @ 000001e68682fbc0] fontselect: (Yu Gothic, 700, 0) -> YuGothic-Bold, 0, YuGothic-Bold
[libx264 @ 000001e685f12dc0] using cpu capabilities: MMX2 SSE2Fast SSSE3 SSE4.2 AVX FMA3 BMI2 AVX2
[libx264 @ 000001e685f12dc0] profile High, level 4.0, 4:2:0, 8-bit
[libx264 @ 000001e685f12dc0] 264 - core 164 r3192 c24e06c - H.264/MPEG-4 AVC codec - Copyleft 2003-2024 - http://www.videolan.org/x264.html - options: cabac=1 ref=3 deblock=1:0:0 analyse=0x3:0x113 me=hex subme=7 psy=1 psy_rd=1.00:0.00 mixed_ref=1 me_range=16 chroma_me=1 trellis=1 8x8dct=1 cqm=0 deadzone=21,11 fast_pskip=1 chroma_qp_offset=-2 threads=9 lookahead_threads=1 sliced_threads=0 nr=0 decimate=1 interlaced=0 bluray_compat=0 constrained_intra=0 bframes=3 b_pyramid=2 b_adapt=1 b_bias=0 direct=1 weightb=1 open_gop=0 weightp=2 keyint=250 keyint_min=25 scenecut=40 intra_refresh=0 rc_lookahead=40 rc=crf mbtree=1 crf=18.0 qcomp=0.60 qpmin=0 qpmax=69 qpstep=4 ip_ratio=1.40 aq=1:1.00
Output #0, mp4, to 'C:\Codex\260829_youtube-anshin\episodes\010_myna_app_registration\output\draft_v1.mp4':
  Metadata:
    major_brand     : isom
    minor_version   : 512
    compatible_brands: isomiso2avc1mp41
    encoder         : Lavf61.7.100
  Stream #0:0(und): Video: h264 (avc1 / 0x31637661), yuv420p(tv, progressive), 1920x1080, q=2-31, 30 fps, 15360 tbn (default)
      Metadata:
        handler_name    : VideoHandler
        vendor_id       : [0][0][0][0]
        encoder         : Lavc61.19.100 libx264
      Side data:
        cpb: bitrate max/min/avg: 0/0/0 buffer size: 0 vbv_delay: N/A
  Stream #0:1: Audio: aac (LC) (mp4a / 0x6134706D), 48000 Hz, mono, fltp, 192 kb/s
      Metadata:
        encoder         : Lavc61.19.100 aac
frame=    0 fps=0.0 q=0.0 size=       0KiB time=N/A bitrate=N/A speed=N/A    
frame=   25 fps= 24 q=24.0 size=     256KiB time=00:00:00.76 bitrate=2735.9kbits/s speed=0.744x    
frame=   81 fps= 52 q=24.0 size=     256KiB time=00:00:02.63 bitrate= 796.5kbits/s speed= 1.7x    
frame=  141 fps= 68 q=24.0 size=     256KiB time=00:00:04.63 bitrate= 452.7kbits/s speed=2.23x    
frame=  197 fps= 76 q=24.0 size=     256KiB time=00:00:06.50 bitrate= 322.7kbits/s speed=2.51x    
frame=  250 fps= 80 q=24.0 size=     512KiB time=00:00:08.26 bitrate= 507.4kbits/s speed=2.66x    
frame=  299 fps= 82 q=24.0 size=     768KiB time=00:00:09.90 bitrate= 635.5kbits/s speed=2.73x    
frame=  300 fps= 72 q=24.0 size=     768KiB time=00:00:09.93 bitrate= 633.4kbits/s speed= 2.4x    
frame=  300 fps= 64 q=24.0 size=     768KiB time=00:00:09.93 bitrate= 633.4kbits/s speed=2.13x    
frame=  342 fps= 66 q=24.0 size=     768KiB time=00:00:11.33 bitrate= 555.2kbits/s speed=2.19x    
frame=  406 fps= 71 q=24.0 size=    1024KiB time=00:00:13.46 bitrate= 622.9kbits/s speed=2.36x    
frame=  474 fps= 76 q=24.0 size=    1280KiB time=00:00:15.73 bitrate= 666.5kbits/s speed=2.53x    
frame=  531 fps= 79 q=24.0 size=    1536KiB time=00:00:17.63 bitrate= 713.6kbits/s speed=2.62x    
frame=  593 fps= 82 q=24.0 size=    1536KiB time=00:00:19.70 bitrate= 638.7kbits/s speed=2.72x    
frame=  650 fps= 84 q=24.0 size=    1536KiB time=00:00:21.60 bitrate= 582.6kbits/s speed=2.78x    
frame=  710 fps= 86 q=24.0 size=    1536KiB time=00:00:23.60 bitrate= 533.2kbits/s speed=2.85x    
frame=  759 fps= 86 q=24.0 size=    1792KiB time=00:00:25.23 bitrate= 581.8kbits/s speed=2.87x    
frame=  807 fps= 87 q=24.0 size=    2048KiB time=00:00:26.83 bitrate= 625.3kbits/s speed=2.88x    
frame=  855 fps= 87 q=24.0 size=    2048KiB time=00:00:28.43 bitrate= 590.1kbits/s speed=2.89x    
frame=  912 fps= 88 q=24.0 size=    2560KiB time=00:00:30.33 bitrate= 691.4kbits/s speed=2.93x    
frame=  970 fps= 89 q=24.0 size=    2560KiB time=00:00:32.26 bitrate= 650.0kbits/s speed=2.97x    
frame= 1028 fps= 90 q=24.0 size=    2560KiB time=00:00:34.20 bitrate= 613.2kbits/s speed=   3x    
frame= 1080 fps= 91 q=24.0 size=    2560KiB time=00:00:35.93 bitrate= 583.6kbits/s speed=3.02x    
frame= 1122 fps= 90 q=24.0 size=    2816KiB time=00:00:37.33 bitrate= 617.9kbits/s speed=3.01x    
frame= 1164 fps= 90 q=24.0 size=    3072KiB time=00:00:38.73 bitrate= 649.7kbits/s speed=2.99x    
frame= 1212 fps= 90 q=24.0 size=    3328KiB time=00:00:40.33 bitrate= 676.0kbits/s speed=2.99x    
frame= 1249 fps= 89 q=24.0 size=    3328KiB time=00:00:41.56 bitrate= 655.9kbits/s speed=2.97x    
frame= 1286 fps= 89 q=24.0 size=    3328KiB time=00:00:42.80 bitrate= 637.0kbits/s speed=2.95x    
frame= 1324 fps= 88 q=24.0 size=    3584KiB time=00:00:44.06 bitrate= 666.3kbits/s speed=2.93x    
frame= 1362 fps= 88 q=24.0 size=    3840KiB time=00:00:45.33 bitrate= 693.9kbits/s speed=2.91x    
frame= 1409 fps= 88 q=24.0 size=    4096KiB time=00:00:46.90 bitrate= 715.5kbits/s speed=2.92x    
frame= 1470 fps= 89 q=24.0 size=    4096KiB time=00:00:48.93 bitrate= 685.7kbits/s speed=2.95x    
frame= 1529 fps= 89 q=24.0 size=    4352KiB time=00:00:50.90 bitrate= 700.4kbits/s speed=2.98x    
frame= 1577 fps= 90 q=24.0 size=    4608KiB time=00:00:52.50 bitrate= 719.0kbits/s speed=2.98x    
frame= 1622 fps= 89 q=24.0 size=    4608KiB time=00:00:54.00 bitrate= 699.1kbits/s speed=2.98x    
frame= 1660 fps= 89 q=24.0 size=    4864KiB time=00:00:55.26 bitrate= 721.0kbits/s speed=2.96x    
frame= 1705 fps= 89 q=24.0 size=    5120KiB time=00:00:56.76 bitrate= 738.9kbits/s speed=2.96x    
frame= 1756 fps= 89 q=24.0 size=    5376KiB time=00:00:58.46 bitrate= 753.3kbits/s speed=2.97x    
frame= 1820 fps= 90 q=24.0 size=    5632KiB time=00:01:00.60 bitrate= 761.3kbits/s speed=   3x    
frame= 1859 fps= 90 q=24.0 size=    5888KiB time=00:01:01.90 bitrate= 779.2kbits/s speed=2.99x    
frame= 1907 fps= 90 q=24.0 size=    5888KiB time=00:01:03.50 bitrate= 759.6kbits/s speed=2.99x    
frame= 1940 fps= 89 q=21.0 size=    5888KiB time=00:01:04.60 bitrate= 746.7kbits/s speed=2.97x    
frame= 1970 fps= 88 q=24.0 size=    6144KiB time=00:01:05.60 bitrate= 767.3kbits/s speed=2.94x    
frame= 2004 fps= 88 q=24.0 size=    6400KiB time=00:01:06.73 bitrate= 785.7kbits/s speed=2.93x    
frame= 2033 fps= 87 q=24.0 size=    6400KiB time=00:01:07.70 bitrate= 774.4kbits/s speed=2.91x    
frame= 2069 fps= 87 q=24.0 size=    6656KiB time=00:01:08.90 bitrate= 791.4kbits/s speed=2.89x    
frame= 2109 fps= 87 q=24.0 size=    6912KiB time=00:01:10.23 bitrate= 806.2kbits/s speed=2.89x    
frame= 2149 fps= 86 q=24.0 size=    6912KiB time=00:01:11.56 bitrate= 791.2kbits/s speed=2.88x    
frame= 2198 fps= 87 q=24.0 size=    6912KiB time=00:01:13.20 bitrate= 773.5kbits/s speed=2.88x    
frame= 2265 fps= 87 q=24.0 size=    6912KiB time=00:01:15.43 bitrate= 750.6kbits/s speed=2.91x    
frame= 2318 fps= 88 q=24.0 size=    7168KiB time=00:01:17.20 bitrate= 760.6kbits/s speed=2.92x    
frame= 2379 fps= 88 q=24.0 size=    7424KiB time=00:01:19.23 bitrate= 767.6kbits/s speed=2.94x    
frame= 2426 fps= 88 q=24.0 size=    7424KiB time=00:01:20.80 bitrate= 752.7kbits/s speed=2.94x    
frame= 2484 fps= 89 q=24.0 size=    7424KiB time=00:01:22.73 bitrate= 735.1kbits/s speed=2.96x    
frame= 2537 fps= 89 q=24.0 size=    7424KiB time=00:01:24.50 bitrate= 719.7kbits/s speed=2.97x    
frame= 2584 fps= 89 q=24.0 size=    7680KiB time=00:01:26.06 bitrate= 731.0kbits/s speed=2.97x    
frame= 2643 fps= 90 q=24.0 size=    7680KiB time=00:01:28.03 bitrate= 714.7kbits/s speed=2.98x    
frame= 2703 fps= 90 q=24.0 size=    7680KiB time=00:01:30.03 bitrate= 698.8kbits/s speed=   3x    
frame= 2767 fps= 91 q=24.0 size=    7936KiB time=00:01:32.16 bitrate= 705.4kbits/s speed=3.02x    
frame= 2829 fps= 91 q=24.0 size=    8192KiB time=00:01:34.23 bitrate= 712.2kbits/s speed=3.03x    
frame= 2891 fps= 91 q=24.0 size=    8192KiB time=00:01:36.30 bitrate= 696.9kbits/s speed=3.05x    
frame= 2955 fps= 92 q=24.0 size=    8192KiB time=00:01:38.43 bitrate= 681.8kbits/s speed=3.06x    
frame= 3011 fps= 92 q=24.0 size=    8192KiB time=00:01:40.30 bitrate= 669.1kbits/s speed=3.07x    
frame= 3069 fps= 93 q=24.0 size=    8448KiB time=00:01:42.23 bitrate= 676.9kbits/s speed=3.08x    
frame= 3122 fps= 93 q=24.0 size=    8448KiB time=00:01:44.00 bitrate= 665.4kbits/s speed=3.09x    
frame= 3183 fps= 93 q=24.0 size=    8960KiB time=00:01:46.03 bitrate= 692.2kbits/s speed= 3.1x    
frame= 3231 fps= 93 q=24.0 size=    8960KiB time=00:01:47.63 bitrate= 682.0kbits/s speed= 3.1x    
frame= 3275 fps= 93 q=24.0 size=    8960KiB time=00:01:49.10 bitrate= 672.8kbits/s speed= 3.1x    
frame= 3318 fps= 93 q=24.0 size=    9216KiB time=00:01:50.53 bitrate= 683.0kbits/s speed=3.09x    
frame= 3348 fps= 92 q=24.0 size=    9472KiB time=00:01:51.53 bitrate= 695.7kbits/s speed=3.08x    
frame= 3384 fps= 92 q=24.0 size=    9728KiB time=00:01:52.73 bitrate= 706.9kbits/s speed=3.06x    
frame= 3431 fps= 92 q=24.0 size=    9984KiB time=00:01:54.30 bitrate= 715.6kbits/s speed=3.06x    
frame= 3490 fps= 92 q=24.0 size=    9984KiB time=00:01:56.26 bitrate= 703.5kbits/s speed=3.07x    
frame= 3540 fps= 92 q=24.0 size=    9984KiB time=00:01:57.93 bitrate= 693.5kbits/s speed=3.08x    
frame= 3600 fps= 93 q=24.0 size=    9984KiB time=00:01:59.93 bitrate= 682.0kbits/s speed=3.09x    
frame= 3644 fps= 93 q=24.0 size=    9984KiB time=00:02:01.40 bitrate= 673.7kbits/s speed=3.08x    
frame= 3684 fps= 92 q=24.0 size=   10240KiB time=00:02:02.73 bitrate= 683.5kbits/s speed=3.08x    
frame= 3716 fps= 92 q=24.0 size=   10240KiB time=00:02:03.80 bitrate= 677.6kbits/s speed=3.06x    
frame= 3748 fps= 92 q=24.0 size=   10496KiB time=00:02:04.86 bitrate= 688.6kbits/s speed=3.05x    
frame= 3784 fps= 91 q=24.0 size=   10752KiB time=00:02:06.06 bitrate= 698.7kbits/s speed=3.04x    
frame= 3834 fps= 91 q=24.0 size=   11008KiB time=00:02:07.73 bitrate= 706.0kbits/s speed=3.04x    
frame= 3903 fps= 92 q=24.0 size=   11008KiB time=00:02:10.03 bitrate= 693.5kbits/s speed=3.06x    
frame= 3947 fps= 92 q=24.0 size=   11008KiB time=00:02:11.50 bitrate= 685.8kbits/s speed=3.06x    
frame= 3968 fps= 91 q=24.0 size=   11264KiB time=00:02:12.20 bitrate= 698.0kbits/s speed=3.04x    
frame= 3995 fps= 91 q=24.0 size=   11520KiB time=00:02:13.10 bitrate= 709.0kbits/s speed=3.02x    
frame= 4014 fps= 90 q=24.0 size=   12032KiB time=00:02:13.73 bitrate= 737.0kbits/s speed=   3x    
frame= 4040 fps= 90 q=24.0 size=   12032KiB time=00:02:14.60 bitrate= 732.3kbits/s speed=2.99x    
frame= 4064 fps= 89 q=24.0 size=   12288KiB time=00:02:15.40 bitrate= 743.5kbits/s speed=2.97x    
frame= 4085 fps= 89 q=24.0 size=   12544KiB time=00:02:16.10 bitrate= 755.0kbits/s speed=2.95x    
frame= 4108 fps= 88 q=24.0 size=   12800KiB time=00:02:16.86 bitrate= 766.1kbits/s speed=2.94x    
frame= 4152 fps= 88 q=24.0 size=   12800KiB time=00:02:18.33 bitrate= 758.0kbits/s speed=2.94x    
frame= 4197 fps= 88 q=24.0 size=   13056KiB time=00:02:19.83 bitrate= 764.9kbits/s speed=2.94x    
frame= 4245 fps= 88 q=24.0 size=   13312KiB time=00:02:21.43 bitrate= 771.1kbits/s speed=2.94x    
frame= 4300 fps= 88 q=24.0 size=   13568KiB time=00:02:23.26 bitrate= 775.8kbits/s speed=2.94x    
frame= 4372 fps= 89 q=24.0 size=   13568KiB time=00:02:25.66 bitrate= 763.0kbits/s speed=2.96x    
frame= 4436 fps= 89 q=24.0 size=   13568KiB time=00:02:27.80 bitrate= 752.0kbits/s speed=2.97x    
frame= 4494 fps= 89 q=24.0 size=   14080KiB time=00:02:29.73 bitrate= 770.3kbits/s speed=2.98x    
frame= 4555 fps= 90 q=24.0 size=   14080KiB time=00:02:31.76 bitrate= 760.0kbits/s speed=2.99x    
frame= 4615 fps= 90 q=24.0 size=   14080KiB time=00:02:33.76 bitrate= 750.1kbits/s speed=   3x    
frame= 4675 fps= 90 q=24.0 size=   14080KiB time=00:02:35.76 bitrate= 740.5kbits/s speed=3.01x    
frame= 4725 fps= 90 q=24.0 size=   14592KiB time=00:02:37.43 bitrate= 759.3kbits/s speed=3.01x    
frame= 4789 fps= 91 q=24.0 size=   14592KiB time=00:02:39.56 bitrate= 749.1kbits/s speed=3.02x    
frame= 4849 fps= 91 q=24.0 size=   14592KiB time=00:02:41.56 bitrate= 739.9kbits/s speed=3.03x    
frame= 4913 fps= 91 q=24.0 size=   14592KiB time=00:02:43.70 bitrate= 730.2kbits/s speed=3.04x    
frame= 4959 fps= 91 q=24.0 size=   15104KiB time=00:02:45.23 bitrate= 748.8kbits/s speed=3.04x    
frame= 5015 fps= 91 q=24.0 size=   15104KiB time=00:02:47.10 bitrate= 740.5kbits/s speed=3.04x    
frame= 5071 fps= 91 q=24.0 size=   15104KiB time=00:02:48.96 bitrate= 732.3kbits/s speed=3.05x    
frame= 5120 fps= 92 q=24.0 size=   15104KiB time=00:02:50.60 bitrate= 725.3kbits/s speed=3.05x    
frame= 5168 fps= 92 q=24.0 size=   15104KiB time=00:02:52.20 bitrate= 718.5kbits/s speed=3.05x    
frame= 5213 fps= 91 q=24.0 size=   15616KiB time=00:02:53.70 bitrate= 736.5kbits/s speed=3.05x    
frame= 5269 fps= 92 q=24.0 size=   15616KiB time=00:02:55.56 bitrate= 728.7kbits/s speed=3.05x    
frame= 5317 fps= 92 q=24.0 size=   15616KiB time=00:02:57.16 bitrate= 722.1kbits/s speed=3.05x    
frame= 5373 fps= 92 q=24.0 size=   15616KiB time=00:02:59.03 bitrate= 714.5kbits/s speed=3.06x    
frame= 5434 fps= 92 q=24.0 size=   15616KiB time=00:03:01.06 bitrate= 706.5kbits/s speed=3.07x    
frame= 5483 fps= 92 q=24.0 size=   16128KiB time=00:03:02.70 bitrate= 723.2kbits/s speed=3.07x    
frame= 5539 fps= 92 q=24.0 size=   16128KiB time=00:03:04.56 bitrate= 715.8kbits/s speed=3.07x    
frame= 5599 fps= 92 q=24.0 size=   16128KiB time=00:03:06.56 bitrate= 708.2kbits/s speed=3.08x    
frame= 5659 fps= 93 q=24.0 size=   16128KiB time=00:03:08.56 bitrate= 700.7kbits/s speed=3.08x    
frame= 5705 fps= 93 q=24.0 size=   16640KiB time=00:03:10.10 bitrate= 717.1kbits/s speed=3.08x    
frame= 5761 fps= 93 q=24.0 size=   16640KiB time=00:03:11.96 bitrate= 710.1kbits/s speed=3.09x    
frame= 5821 fps= 93 q=24.0 size=   16640KiB time=00:03:13.96 bitrate= 702.8kbits/s speed=3.09x    
frame= 5885 fps= 93 q=24.0 size=   16640KiB time=00:03:16.10 bitrate= 695.1kbits/s speed= 3.1x    
frame= 5937 fps= 93 q=24.0 size=   16640KiB time=00:03:17.83 bitrate= 689.0kbits/s speed= 3.1x    
frame= 5963 fps= 93 q=24.0 size=   16896KiB time=00:03:18.70 bitrate= 696.6kbits/s speed=3.09x    
frame= 5983 fps= 92 q=24.0 size=   17408KiB time=00:03:19.36 bitrate= 715.3kbits/s speed=3.08x    
frame= 6007 fps= 92 q=24.0 size=   17664KiB time=00:03:20.16 bitrate= 722.9kbits/s speed=3.07x    
frame= 6035 fps= 92 q=24.0 size=   17920KiB time=00:03:21.10 bitrate= 730.0kbits/s speed=3.06x    
frame= 6059 fps= 91 q=24.0 size=   18176KiB time=00:03:21.90 bitrate= 737.5kbits/s speed=3.04x    
frame= 6083 fps= 91 q=24.0 size=   18432KiB time=00:03:22.70 bitrate= 744.9kbits/s speed=3.03x    
frame= 6107 fps= 91 q=24.0 size=   18688KiB time=00:03:23.50 bitrate= 752.3kbits/s speed=3.02x    
frame= 6132 fps= 90 q=24.0 size=   18688KiB time=00:03:24.28 bitrate= 749.4kbits/s speed=3.01x    
frame= 6212 fps= 91 q=24.0 size=   18944KiB time=00:03:27.00 bitrate= 749.7kbits/s speed=3.03x    
frame= 6300 fps= 91 q=24.0 size=   18944KiB time=00:03:31.96 bitrate= 732.1kbits/s speed=3.08x    
frame= 6382 fps= 92 q=24.0 size=   18944KiB time=00:03:34.69 bitrate= 722.8kbits/s speed=3.09x    
frame= 6474 fps= 93 q=24.0 size=   18944KiB time=00:03:37.79 bitrate= 712.6kbits/s speed=3.11x    
[out#0/mp4 @ 000001e6858ce7c0] video:15092KiB audio:4106KiB subtitle:0KiB other streams:0KiB global headers:0KiB muxing overhead: 1.232863%
frame= 6575 fps= 94 q=-1.0 Lsize=   19434KiB time=00:03:39.10 bitrate= 726.6kbits/s speed=3.12x    
[libx264 @ 000001e685f12dc0] frame I:34    Avg QP: 6.40  size:200459
[libx264 @ 000001e685f12dc0] frame P:1775  Avg QP:14.25  size:  3889
[libx264 @ 000001e685f12dc0] frame B:4766  Avg QP:17.89  size:   364
[libx264 @ 000001e685f12dc0] consecutive B-frames:  2.4%  1.7%  3.5% 92.4%
[libx264 @ 000001e685f12dc0] mb I  I16..4: 48.5% 35.0% 16.5%
[libx264 @ 000001e685f12dc0] mb P  I16..4:  0.8%  0.3%  0.1%  P16..4:  3.6%  1.2%  0.8%  0.0%  0.0%    skip:93.3%
[libx264 @ 000001e685f12dc0] mb B  I16..4:  0.1%  0.0%  0.0%  B16..8:  3.0%  0.1%  0.0%  direct: 0.0%  skip:96.8%  L0:52.2% L1:45.2% BI: 2.6%
[libx264 @ 000001e685f12dc0] 8x8 transform intra:29.4% inter:60.0%
[libx264 @ 000001e685f12dc0] coded y,uvDC,uvAC intra: 33.0% 36.1% 33.3% inter: 0.6% 0.6% 0.2%
[libx264 @ 000001e685f12dc0] i16 v,h,dc,p: 55% 38%  6%  1%
[libx264 @ 000001e685f12dc0] i8 v,h,dc,ddl,ddr,vr,hd,vl,hu: 15% 19% 53%  3%  2%  1%  2%  2%  4%
[libx264 @ 000001e685f12dc0] i4 v,h,dc,ddl,ddr,vr,hd,vl,hu: 31% 29% 17%  5%  4%  3%  4%  4%  4%
[libx264 @ 000001e685f12dc0] i8c dc,h,v,p: 58% 28% 11%  2%
[libx264 @ 000001e685f12dc0] Weighted P-Frames: Y:0.0% UV:0.0%
[libx264 @ 000001e685f12dc0] ref P L0: 65.4%  5.3% 17.2% 12.1%
[libx264 @ 000001e685f12dc0] ref B L0: 73.7% 22.3%  4.0%
[libx264 @ 000001e685f12dc0] ref B L1: 96.2%  3.8%
[libx264 @ 000001e685f12dc0] kb/s:564.07
[aac @ 000001e68593e6c0] Qavg: 61849.855
{"status": "PASS", "output": "C:\\Codex\\260829_youtube-anshin\\episodes\\010_myna_app_registration\\output\\draft_v1.mp4", "clip_count": 21, "scene_count": 20, "main_duration": 204.177, "postroll_duration": 15.0, "postroll_source": "C:\\Codex\\260829_youtube-anshin\\episodes\\010_myna_app_registration\\work\\cta_registration_conversion_v1.png", "cta_audio": "C:\\Codex\\260829_youtube-anshin\\episodes\\010_myna_app_registration\\audio\\voicevox_kenzaki\\cta_registration_conversion_v1.wav"}
